,mean_fit_time,std_fit_time,mean_score_time,std_score_time,param_criterion,param_max_depth,param_min_samples_leaf,param_min_samples_split,params,split0_test_score,split1_test_score,split2_test_score,mean_test_score,std_test_score,rank_test_score,split0_train_score,split1_train_score,split2_train_score,mean_train_score,std_train_score
0,0.0,0.0,0.0,0.0,gini,1,1,10,"{'criterion': 'gini', 'max_depth': 1, 'min_samples_leaf': 1, 'min_samples_split': 10}",0.7125748502994012,0.7125748502994012,0.7168674698795181,0.714,0.0020215276006701993,169,0.7147147147147147,0.7147147147147147,0.7125748502994012,0.7140014265762767,0.0010087417592586664
1,0.001333157221476237,0.0018853690233873262,0.0,0.0,gini,1,1,15,"{'criterion': 'gini', 'max_depth': 1, 'min_samples_leaf': 1, 'min_samples_split': 15}",0.7125748502994012,0.7125748502994012,0.7168674698795181,0.714,0.0020215276006701993,169,0.7147147147147147,0.7147147147147147,0.7125748502994012,0.7140014265762767,0.0010087417592586664
2,0.0013335545857747395,0.0018859309813674717,0.0,0.0,gini,1,1,20,"{'criterion': 'gini', 'max_depth': 1, 'min_samples_leaf': 1, 'min_samples_split': 20}",0.7125748502994012,0.7125748502994012,0.7168674698795181,0.714,0.0020215276006701993,169,0.7147147147147147,0.7147147147147147,0.7125748502994012,0.7140014265762767,0.0010087417592586664
3,0.0,0.0,0.0013380845387776692,0.0018923373023411276,gini,1,1,25,"{'criterion': 'gini', 'max_depth': 1, 'min_samples_leaf': 1, 'min_samples_split': 25}",0.7125748502994012,0.7125748502994012,0.7168674698795181,0.714,0.0020215276006701993,169,0.7147147147147147,0.7147147147147147,0.7125748502994012,0.7140014265762767,0.0010087417592586664
4,0.0013280709584554036,0.0018781759612414672,0.0,0.0,gini,1,3,10,"{'criterion': 'gini', 'max_depth': 1, 'min_samples_leaf': 3, 'min_samples_split': 10}",0.7125748502994012,0.7125748502994012,0.7168674698795181,0.714,0.0020215276006701993,169,0.7147147147147147,0.7147147147147147,0.7125748502994012,0.7140014265762767,0.0010087417592586664
5,0.0,0.0,0.0,0.0,gini,1,3,15,"{'criterion': 'gini', 'max_depth': 1, 'min_samples_leaf': 3, 'min_samples_split': 15}",0.7125748502994012,0.7125748502994012,0.7168674698795181,0.714,0.0020215276006701993,169,0.7147147147147147,0.7147147147147147,0.7125748502994012,0.7140014265762767,0.0010087417592586664
6,0.0013330777486165364,0.0018852566317912973,0.0,0.0,gini,1,3,20,"{'criterion': 'gini', 'max_depth': 1, 'min_samples_leaf': 3, 'min_samples_split': 20}",0.7125748502994012,0.7125748502994012,0.7168674698795181,0.714,0.0020215276006701993,169,0.7147147147147147,0.7147147147147147,0.7125748502994012,0.7140014265762767,0.0010087417592586664
7,0.0013333956400553386,0.0018857061981754134,0.0,0.0,gini,1,3,25,"{'criterion': 'gini', 'max_depth': 1, 'min_samples_leaf': 3, 'min_samples_split': 25}",0.7125748502994012,0.7125748502994012,0.7168674698795181,0.714,0.0020215276006701993,169,0.7147147147147147,0.7147147147147147,0.7125748502994012,0.7140014265762767,0.0010087417592586664
8,0.001344442367553711,0.0019013286300234515,0.0,0.0,gini,1,7,10,"{'criterion': 'gini', 'max_depth': 1, 'min_samples_leaf': 7, 'min_samples_split': 10}",0.7125748502994012,0.7125748502994012,0.7168674698795181,0.714,0.0020215276006701993,169,0.7147147147147147,0.7147147147147147,0.7125748502994012,0.7140014265762767,0.0010087417592586664
9,0.0013363361358642578,0.0018898646872284883,0.0,0.0,gini,1,7,15,"{'criterion': 'gini', 'max_depth': 1, 'min_samples_leaf': 7, 'min_samples_split': 15}",0.7125748502994012,0.7125748502994012,0.7168674698795181,0.714,0.0020215276006701993,169,0.7147147147147147,0.7147147147147147,0.7125748502994012,0.7140014265762767,0.0010087417592586664
10,0.0,0.0,0.0013321240743001301,0.0018839079326389487,gini,1,7,20,"{'criterion': 'gini', 'max_depth': 1, 'min_samples_leaf': 7, 'min_samples_split': 20}",0.7125748502994012,0.7125748502994012,0.7168674698795181,0.714,0.0020215276006701993,169,0.7147147147147147,0.7147147147147147,0.7125748502994012,0.7140014265762767,0.0010087417592586664
11,0.0,0.0,0.0,0.0,gini,1,7,25,"{'criterion': 'gini', 'max_depth': 1, 'min_samples_leaf': 7, 'min_samples_split': 25}",0.7125748502994012,0.7125748502994012,0.7168674698795181,0.714,0.0020215276006701993,169,0.7147147147147147,0.7147147147147147,0.7125748502994012,0.7140014265762767,0.0010087417592586664
12,0.0,0.0,0.0,0.0,gini,1,10,10,"{'criterion': 'gini', 'max_depth': 1, 'min_samples_leaf': 10, 'min_samples_split': 10}",0.7125748502994012,0.7125748502994012,0.7168674698795181,0.714,0.0020215276006701993,169,0.7147147147147147,0.7147147147147147,0.7125748502994012,0.7140014265762767,0.0010087417592586664
13,0.0013268788655598958,0.0018764900873010314,0.0,0.0,gini,1,10,15,"{'criterion': 'gini', 'max_depth': 1, 'min_samples_leaf': 10, 'min_samples_split': 15}",0.7125748502994012,0.7125748502994012,0.7168674698795181,0.714,0.0020215276006701993,169,0.7147147147147147,0.7147147147147147,0.7125748502994012,0.7140014265762767,0.0010087417592586664
14,0.001333157221476237,0.0018853690233873262,0.0,0.0,gini,1,10,20,"{'criterion': 'gini', 'max_depth': 1, 'min_samples_leaf': 10, 'min_samples_split': 20}",0.7125748502994012,0.7125748502994012,0.7168674698795181,0.714,0.0020215276006701993,169,0.7147147147147147,0.7147147147147147,0.7125748502994012,0.7140014265762767,0.0010087417592586664
15,0.0013333956400553386,0.0018857061981754136,0.0,0.0,gini,1,10,25,"{'criterion': 'gini', 'max_depth': 1, 'min_samples_leaf': 10, 'min_samples_split': 25}",0.7125748502994012,0.7125748502994012,0.7168674698795181,0.714,0.0020215276006701993,169,0.7147147147147147,0.7147147147147147,0.7125748502994012,0.7140014265762767,0.0010087417592586664
16,0.0,0.0,0.0,0.0,gini,2,1,10,"{'criterion': 'gini', 'max_depth': 2, 'min_samples_leaf': 1, 'min_samples_split': 10}",0.7245508982035929,0.7305389221556886,0.7228915662650602,0.726,0.003284855380673977,106,0.7687687687687688,0.7507507507507507,0.7514970059880239,0.7570055085025146,0.008323458547523668
17,0.0013332366943359375,0.0018854814149833555,0.0,0.0,gini,2,1,15,"{'criterion': 'gini', 'max_depth': 2, 'min_samples_leaf': 1, 'min_samples_split': 15}",0.7245508982035929,0.7305389221556886,0.7228915662650602,0.726,0.003284855380673977,106,0.7687687687687688,0.7507507507507507,0.7514970059880239,0.7570055085025146,0.008323458547523668
18,0.0013325214385986328,0.001884469890619094,0.0,0.0,gini,2,1,20,"{'criterion': 'gini', 'max_depth': 2, 'min_samples_leaf': 1, 'min_samples_split': 20}",0.7245508982035929,0.7305389221556886,0.7228915662650602,0.726,0.003284855380673977,106,0.7687687687687688,0.7507507507507507,0.7514970059880239,0.7570055085025146,0.008323458547523668
19,9.576479593912761e-05,0.00013543187321500615,0.0,0.0,gini,2,1,25,"{'criterion': 'gini', 'max_depth': 2, 'min_samples_leaf': 1, 'min_samples_split': 25}",0.7245508982035929,0.7305389221556886,0.7228915662650602,0.726,0.003284855380673977,106,0.7687687687687688,0.7507507507507507,0.7514970059880239,0.7570055085025146,0.008323458547523668
20,0.0,0.0,0.0,0.0,gini,2,3,10,"{'criterion': 'gini', 'max_depth': 2, 'min_samples_leaf': 3, 'min_samples_split': 10}",0.7245508982035929,0.7305389221556886,0.7409638554216867,0.732,0.006776636702112971,66,0.7657657657657657,0.7507507507507507,0.7455089820359282,0.7540084995174815,0.008584638103018854
21,0.0,0.0,0.0,0.0,gini,2,3,15,"{'criterion': 'gini', 'max_depth': 2, 'min_samples_leaf': 3, 'min_samples_split': 15}",0.7245508982035929,0.7305389221556886,0.7409638554216867,0.732,0.006776636702112971,66,0.7657657657657657,0.7507507507507507,0.7455089820359282,0.7540084995174815,0.008584638103018854
22,0.0,0.0,0.005214214324951172,0.007374012615466019,gini,2,3,20,"{'criterion': 'gini', 'max_depth': 2, 'min_samples_leaf': 3, 'min_samples_split': 20}",0.7245508982035929,0.7305389221556886,0.7409638554216867,0.732,0.006776636702112971,66,0.7657657657657657,0.7507507507507507,0.7455089820359282,0.7540084995174815,0.008584638103018854
23,0.0,0.0,0.0,0.0,gini,2,3,25,"{'criterion': 'gini', 'max_depth': 2, 'min_samples_leaf': 3, 'min_samples_split': 25}",0.7245508982035929,0.7305389221556886,0.7409638554216867,0.732,0.006776636702112971,66,0.7657657657657657,0.7507507507507507,0.7455089820359282,0.7540084995174815,0.008584638103018854
24,0.0,0.0,0.0,0.0,gini,2,7,10,"{'criterion': 'gini', 'max_depth': 2, 'min_samples_leaf': 7, 'min_samples_split': 10}",0.7245508982035929,0.7305389221556886,0.7409638554216867,0.732,0.006776636702112971,66,0.7657657657657657,0.7507507507507507,0.7455089820359282,0.7540084995174815,0.008584638103018854
25,0.0,0.0,0.0,0.0,gini,2,7,15,"{'criterion': 'gini', 'max_depth': 2, 'min_samples_leaf': 7, 'min_samples_split': 15}",0.7245508982035929,0.7305389221556886,0.7409638554216867,0.732,0.006776636702112971,66,0.7657657657657657,0.7507507507507507,0.7455089820359282,0.7540084995174815,0.008584638103018854
26,0.005208174387613933,0.007365470854167811,0.0,0.0,gini,2,7,20,"{'criterion': 'gini', 'max_depth': 2, 'min_samples_leaf': 7, 'min_samples_split': 20}",0.7245508982035929,0.7305389221556886,0.7409638554216867,0.732,0.006776636702112971,66,0.7657657657657657,0.7507507507507507,0.7455089820359282,0.7540084995174815,0.008584638103018854
27,0.0,0.0,0.0,0.0,gini,2,7,25,"{'criterion': 'gini', 'max_depth': 2, 'min_samples_leaf': 7, 'min_samples_split': 25}",0.7245508982035929,0.7305389221556886,0.7409638554216867,0.732,0.006776636702112971,66,0.7657657657657657,0.7507507507507507,0.7455089820359282,0.7540084995174815,0.008584638103018854
28,0.0,0.0,0.0,0.0,gini,2,10,10,"{'criterion': 'gini', 'max_depth': 2, 'min_samples_leaf': 10, 'min_samples_split': 10}",0.7245508982035929,0.7305389221556886,0.7409638554216867,0.732,0.006776636702112971,66,0.7657657657657657,0.7507507507507507,0.7455089820359282,0.7540084995174815,0.008584638103018854
29,0.0,0.0,0.0,0.0,gini,2,10,15,"{'criterion': 'gini', 'max_depth': 2, 'min_samples_leaf': 10, 'min_samples_split': 15}",0.7245508982035929,0.7305389221556886,0.7409638554216867,0.732,0.006776636702112971,66,0.7657657657657657,0.7507507507507507,0.7455089820359282,0.7540084995174815,0.008584638103018854
30,0.0,0.0,0.0,0.0,gini,2,10,20,"{'criterion': 'gini', 'max_depth': 2, 'min_samples_leaf': 10, 'min_samples_split': 20}",0.7245508982035929,0.7305389221556886,0.7409638554216867,0.732,0.006776636702112971,66,0.7657657657657657,0.7507507507507507,0.7455089820359282,0.7540084995174815,0.008584638103018854
31,0.0,0.0,0.0,0.0,gini,2,10,25,"{'criterion': 'gini', 'max_depth': 2, 'min_samples_leaf': 10, 'min_samples_split': 25}",0.7245508982035929,0.7305389221556886,0.7409638554216867,0.732,0.006776636702112971,66,0.7657657657657657,0.7507507507507507,0.7455089820359282,0.7540084995174815,0.008584638103018854
32,0.0,0.0,0.0,0.0,gini,3,1,10,"{'criterion': 'gini', 'max_depth': 3, 'min_samples_leaf': 1, 'min_samples_split': 10}",0.7604790419161677,0.7365269461077845,0.7349397590361446,0.744,0.011687882359128775,14,0.8018018018018018,0.7657657657657657,0.7964071856287425,0.78799158439877,0.015869587924582013
33,0.0,0.0,0.0,0.0,gini,3,1,15,"{'criterion': 'gini', 'max_depth': 3, 'min_samples_leaf': 1, 'min_samples_split': 15}",0.7604790419161677,0.7365269461077845,0.7349397590361446,0.744,0.011687882359128775,14,0.8018018018018018,0.7657657657657657,0.7964071856287425,0.78799158439877,0.015869587924582013
34,0.0,0.0,0.0,0.0,gini,3,1,20,"{'criterion': 'gini', 'max_depth': 3, 'min_samples_leaf': 1, 'min_samples_split': 20}",0.7604790419161677,0.7365269461077845,0.7349397590361446,0.744,0.011687882359128775,14,0.8018018018018018,0.7657657657657657,0.7964071856287425,0.78799158439877,0.015869587924582013
35,0.0,0.0,0.0,0.0,gini,3,1,25,"{'criterion': 'gini', 'max_depth': 3, 'min_samples_leaf': 1, 'min_samples_split': 25}",0.7604790419161677,0.7365269461077845,0.7349397590361446,0.744,0.011687882359128775,14,0.8018018018018018,0.7657657657657657,0.7964071856287425,0.78799158439877,0.015869587924582013
36,0.0,0.0,0.0,0.0,gini,3,3,10,"{'criterion': 'gini', 'max_depth': 3, 'min_samples_leaf': 3, 'min_samples_split': 10}",0.7604790419161677,0.7365269461077845,0.7168674698795181,0.738,0.01782591429764144,41,0.7987987987987988,0.7657657657657657,0.8053892215568862,0.7899845953738169,0.017335362677110652
37,0.0,0.0,0.0,0.0,gini,3,3,15,"{'criterion': 'gini', 'max_depth': 3, 'min_samples_leaf': 3, 'min_samples_split': 15}",0.7604790419161677,0.7365269461077845,0.7168674698795181,0.738,0.01782591429764144,41,0.7987987987987988,0.7657657657657657,0.8053892215568862,0.7899845953738169,0.017335362677110652
38,0.0,0.0,0.0,0.0,gini,3,3,20,"{'criterion': 'gini', 'max_depth': 3, 'min_samples_leaf': 3, 'min_samples_split': 20}",0.7604790419161677,0.7365269461077845,0.7168674698795181,0.738,0.01782591429764144,41,0.7987987987987988,0.7657657657657657,0.8053892215568862,0.7899845953738169,0.017335362677110652
39,0.0,0.0,0.0,0.0,gini,3,3,25,"{'criterion': 'gini', 'max_depth': 3, 'min_samples_leaf': 3, 'min_samples_split': 25}",0.7604790419161677,0.7365269461077845,0.7168674698795181,0.738,0.01782591429764144,41,0.7987987987987988,0.7657657657657657,0.8053892215568862,0.7899845953738169,0.017335362677110652
40,0.0,0.0,0.0,0.0,gini,3,7,10,"{'criterion': 'gini', 'max_depth': 3, 'min_samples_leaf': 7, 'min_samples_split': 10}",0.7544910179640718,0.7365269461077845,0.7289156626506024,0.74,0.010721736375553202,27,0.7867867867867868,0.7657657657657657,0.7904191616766467,0.780990571409733,0.010867215743006016
41,0.0,0.0,0.0,0.0,gini,3,7,15,"{'criterion': 'gini', 'max_depth': 3, 'min_samples_leaf': 7, 'min_samples_split': 15}",0.7544910179640718,0.7365269461077845,0.7289156626506024,0.74,0.010721736375553202,27,0.7867867867867868,0.7657657657657657,0.7904191616766467,0.780990571409733,0.010867215743006016
42,0.0,0.0,0.0,0.0,gini,3,7,20,"{'criterion': 'gini', 'max_depth': 3, 'min_samples_leaf': 7, 'min_samples_split': 20}",0.7544910179640718,0.7365269461077845,0.7289156626506024,0.74,0.010721736375553202,27,0.7867867867867868,0.7657657657657657,0.7904191616766467,0.780990571409733,0.010867215743006016
43,0.0,0.0,0.0,0.0,gini,3,7,25,"{'criterion': 'gini', 'max_depth': 3, 'min_samples_leaf': 7, 'min_samples_split': 25}",0.7544910179640718,0.7365269461077845,0.7289156626506024,0.74,0.010721736375553202,27,0.7867867867867868,0.7657657657657657,0.7904191616766467,0.780990571409733,0.010867215743006016
44,0.0,0.0,0.0,0.0,gini,3,10,10,"{'criterion': 'gini', 'max_depth': 3, 'min_samples_leaf': 10, 'min_samples_split': 10}",0.7544910179640718,0.7365269461077845,0.7289156626506024,0.74,0.010721736375553202,27,0.7867867867867868,0.7567567567567568,0.7904191616766467,0.7779875684067301,0.015085513124022952
45,0.0,0.0,0.0,0.0,gini,3,10,15,"{'criterion': 'gini', 'max_depth': 3, 'min_samples_leaf': 10, 'min_samples_split': 15}",0.7544910179640718,0.7365269461077845,0.7289156626506024,0.74,0.010721736375553202,27,0.7867867867867868,0.7567567567567568,0.7904191616766467,0.7779875684067301,0.015085513124022952
46,0.0006667772928873698,0.000471483388344601,0.0,0.0,gini,3,10,20,"{'criterion': 'gini', 'max_depth': 3, 'min_samples_leaf': 10, 'min_samples_split': 20}",0.7544910179640718,0.7365269461077845,0.7289156626506024,0.74,0.010721736375553202,27,0.7867867867867868,0.7567567567567568,0.7904191616766467,0.7779875684067301,0.015085513124022952
47,0.0003331502278645833,0.0004711455705537808,0.0,0.0,gini,3,10,25,"{'criterion': 'gini', 'max_depth': 3, 'min_samples_leaf': 10, 'min_samples_split': 25}",0.7544910179640718,0.7365269461077845,0.7289156626506024,0.74,0.010721736375553202,27,0.7867867867867868,0.7567567567567568,0.7904191616766467,0.7779875684067301,0.015085513124022952
48,0.0005851586659749349,0.0004255365051902864,0.0,0.0,gini,4,1,10,"{'criterion': 'gini', 'max_depth': 4, 'min_samples_leaf': 1, 'min_samples_split': 10}",0.7425149700598802,0.7305389221556886,0.7469879518072289,0.74,0.006944179507407214,27,0.8258258258258259,0.8288288288288288,0.8233532934131736,0.8260026493559428,0.002238872028890994
49,0.0,0.0,0.0,0.0,gini,4,1,15,"{'criterion': 'gini', 'max_depth': 4, 'min_samples_leaf': 1, 'min_samples_split': 15}",0.7425149700598802,0.7425149700598802,0.7469879518072289,0.744,0.0021064657351520994,14,0.8258258258258259,0.8258258258258259,0.8233532934131736,0.8250016483549417,0.001165562957126612
50,0.0,0.0,0.0,0.0,gini,4,1,20,"{'criterion': 'gini', 'max_depth': 4, 'min_samples_leaf': 1, 'min_samples_split': 20}",0.7604790419161677,0.7365269461077845,0.7469879518072289,0.748,0.009814144762246364,6,0.8228228228228228,0.8228228228228228,0.8233532934131736,0.8229996463529398,0.00025006623443806815
51,0.0,0.0,0.0,0.0,gini,4,1,25,"{'criterion': 'gini', 'max_depth': 4, 'min_samples_leaf': 1, 'min_samples_split': 25}",0.7604790419161677,0.7365269461077845,0.7469879518072289,0.748,0.009814144762246364,6,0.8228228228228228,0.8228228228228228,0.811377245508982,0.8190076303848759,0.0053954968888078126
52,0.0,0.0,0.0,0.0,gini,4,3,10,"{'criterion': 'gini', 'max_depth': 4, 'min_samples_leaf': 3, 'min_samples_split': 10}",0.7485029940119761,0.718562874251497,0.7289156626506024,0.732,0.012426933845445416,66,0.8198198198198198,0.8198198198198198,0.8263473053892215,0.8219956483429537,0.0030770862068142052
53,0.0,0.0,0.0,0.0,gini,4,3,15,"{'criterion': 'gini', 'max_depth': 4, 'min_samples_leaf': 3, 'min_samples_split': 15}",0.7485029940119761,0.718562874251497,0.7289156626506024,0.732,0.012426933845445416,66,0.8198198198198198,0.8198198198198198,0.8263473053892215,0.8219956483429537,0.0030770862068142052
54,0.0,0.0,0.0,0.0,gini,4,3,20,"{'criterion': 'gini', 'max_depth': 4, 'min_samples_leaf': 3, 'min_samples_split': 20}",0.7664670658682635,0.718562874251497,0.7289156626506024,0.738,0.020597306719095942,41,0.8168168168168168,0.8198198198198198,0.8263473053892215,0.8209946473419527,0.003978502053726153
55,0.0,0.0,0.0,0.0,gini,4,3,25,"{'criterion': 'gini', 'max_depth': 4, 'min_samples_leaf': 3, 'min_samples_split': 25}",0.7664670658682635,0.718562874251497,0.7289156626506024,0.738,0.020597306719095942,41,0.8168168168168168,0.8198198198198198,0.8263473053892215,0.8209946473419527,0.003978502053726153
56,0.0,0.0,0.0,0.0,gini,4,7,10,"{'criterion': 'gini', 'max_depth': 4, 'min_samples_leaf': 7, 'min_samples_split': 10}",0.7844311377245509,0.7305389221556886,0.7349397590361446,0.75,0.024449055086846107,3,0.7987987987987988,0.8138138138138138,0.8203592814371258,0.8109906313499128,0.009025570058367821
57,0.0,0.0,0.0,0.0,gini,4,7,15,"{'criterion': 'gini', 'max_depth': 4, 'min_samples_leaf': 7, 'min_samples_split': 15}",0.7844311377245509,0.7245508982035929,0.7349397590361446,0.748,0.026145298887583435,6,0.7987987987987988,0.8198198198198198,0.8203592814371258,0.8129926333519149,0.010038972696448534
58,0.0,0.0,0.0,0.0,gini,4,7,20,"{'criterion': 'gini', 'max_depth': 4, 'min_samples_leaf': 7, 'min_samples_split': 20}",0.8023952095808383,0.7305389221556886,0.7349397590361446,0.756,0.03290462548748992,1,0.7957957957957958,0.8138138138138138,0.8203592814371258,0.8099896303489119,0.01038619247183098
59,0.0,0.0,0.0,0.0,gini,4,7,25,"{'criterion': 'gini', 'max_depth': 4, 'min_samples_leaf': 7, 'min_samples_split': 25}",0.8023952095808383,0.7305389221556886,0.7349397590361446,0.756,0.03290462548748992,1,0.7957957957957958,0.8138138138138138,0.8203592814371258,0.8099896303489119,0.01038619247183098
60,0.0,0.0,0.0,0.0,gini,4,10,10,"{'criterion': 'gini', 'max_depth': 4, 'min_samples_leaf': 10, 'min_samples_split': 10}",0.7544910179640718,0.7065868263473054,0.7228915662650602,0.728,0.01990485992225608,100,0.7867867867867868,0.8078078078078078,0.8023952095808383,0.798996601391811,0.008911929623018214
61,0.0,0.0,0.0,0.0,gini,4,10,15,"{'criterion': 'gini', 'max_depth': 4, 'min_samples_leaf': 10, 'min_samples_split': 15}",0.7544910179640718,0.7065868263473054,0.7228915662650602,0.728,0.01990485992225608,100,0.7867867867867868,0.8078078078078078,0.8023952095808383,0.798996601391811,0.008911929623018214
62,0.0,0.0,0.0,0.0,gini,4,10,20,"{'criterion': 'gini', 'max_depth': 4, 'min_samples_leaf': 10, 'min_samples_split': 20}",0.7544910179640718,0.7065868263473054,0.7228915662650602,0.728,0.01990485992225608,100,0.7867867867867868,0.8078078078078078,0.8023952095808383,0.798996601391811,0.008911929623018214
63,0.0,0.0,0.0,0.0,gini,4,10,25,"{'criterion': 'gini', 'max_depth': 4, 'min_samples_leaf': 10, 'min_samples_split': 25}",0.7544910179640718,0.7245508982035929,0.7228915662650602,0.734,0.014526864624895,52,0.7867867867867868,0.8018018018018018,0.8023952095808383,0.796994599389809,0.007222077808215073
64,0.0,0.0,0.0,0.0,gini,5,1,10,"{'criterion': 'gini', 'max_depth': 5, 'min_samples_leaf': 1, 'min_samples_split': 10}",0.7365269461077845,0.7245508982035929,0.7349397590361446,0.732,0.005314820091377334,66,0.8318318318318318,0.8468468468468469,0.8502994011976048,0.8429926932920946,0.008016801285950101
65,0.0,0.0,0.0,0.0,gini,5,1,15,"{'criterion': 'gini', 'max_depth': 5, 'min_samples_leaf': 1, 'min_samples_split': 15}",0.7365269461077845,0.7245508982035929,0.7349397590361446,0.732,0.005314820091377334,66,0.8288288288288288,0.8468468468468469,0.8502994011976048,0.8419916922910935,0.009413669627405374
66,0.0,0.0,0.0,0.0,gini,5,1,20,"{'criterion': 'gini', 'max_depth': 5, 'min_samples_leaf': 1, 'min_samples_split': 20}",0.7544910179640718,0.7245508982035929,0.7469879518072289,0.742,0.012730512181697124,20,0.8258258258258259,0.8438438438438438,0.8293413173652695,0.8330036623449798,0.007798368264673977
67,0.0,0.0,0.0,0.0,gini,5,1,25,"{'criterion': 'gini', 'max_depth': 5, 'min_samples_leaf': 1, 'min_samples_split': 25}",0.7604790419161677,0.7245508982035929,0.7469879518072289,0.744,0.014832601261033692,14,0.8228228228228228,0.8438438438438438,0.8173652694610778,0.8280106453759147,0.011415307047051505
68,0.0,0.0,0.0,0.0,gini,5,3,10,"{'criterion': 'gini', 'max_depth': 5, 'min_samples_leaf': 3, 'min_samples_split': 10}",0.7604790419161677,0.7125748502994012,0.7289156626506024,0.734,0.019901793371700345,52,0.8228228228228228,0.8408408408408409,0.8473053892215568,0.8369896842950735,0.010359297576641323
69,0.005201816558837891,0.007356479526485488,0.0,0.0,gini,5,3,15,"{'criterion': 'gini', 'max_depth': 5, 'min_samples_leaf': 3, 'min_samples_split': 15}",0.7485029940119761,0.7125748502994012,0.7289156626506024,0.73,0.014702150716724437,98,0.8228228228228228,0.8408408408408409,0.8473053892215568,0.8369896842950735,0.010359297576641323
70,0.0,0.0,0.0,0.0,gini,5,3,20,"{'criterion': 'gini', 'max_depth': 5, 'min_samples_leaf': 3, 'min_samples_split': 20}",0.7664670658682635,0.718562874251497,0.7349397590361446,0.74,0.019898740850968644,27,0.8168168168168168,0.8348348348348348,0.8293413173652695,0.8269976563389737,0.007540194673836931
71,0.0,0.0,0.0,0.0,gini,5,3,25,"{'criterion': 'gini', 'max_depth': 5, 'min_samples_leaf': 3, 'min_samples_split': 25}",0.7664670658682635,0.718562874251497,0.7349397590361446,0.74,0.019898740850968644,27,0.8168168168168168,0.8348348348348348,0.8293413173652695,0.8269976563389737,0.007540194673836931
72,0.0,0.0,0.0,0.0,gini,5,7,10,"{'criterion': 'gini', 'max_depth': 5, 'min_samples_leaf': 7, 'min_samples_split': 10}",0.7425149700598802,0.688622754491018,0.7289156626506024,0.72,0.022902761170439993,139,0.8168168168168168,0.8138138138138138,0.844311377245509,0.8249806692920466,0.013723743640021683
73,0.0,0.0,0.0,0.0,gini,5,7,15,"{'criterion': 'gini', 'max_depth': 5, 'min_samples_leaf': 7, 'min_samples_split': 15}",0.7425149700598802,0.688622754491018,0.7289156626506024,0.72,0.022902761170439993,139,0.8168168168168168,0.8138138138138138,0.844311377245509,0.8249806692920466,0.013723743640021683
74,0.0,0.0,0.005213260650634766,0.007372663916313671,gini,5,7,20,"{'criterion': 'gini', 'max_depth': 5, 'min_samples_leaf': 7, 'min_samples_split': 20}",0.7604790419161677,0.7305389221556886,0.7349397590361446,0.742,0.013208893122207016,20,0.8138138138138138,0.8138138138138138,0.8203592814371258,0.8159956363549178,0.0030855630283205993
75,0.0,0.0,0.0,0.0,gini,5,7,25,"{'criterion': 'gini', 'max_depth': 5, 'min_samples_leaf': 7, 'min_samples_split': 25}",0.7604790419161677,0.7305389221556886,0.7349397590361446,0.742,0.013208893122207016,20,0.8138138138138138,0.8138138138138138,0.8203592814371258,0.8159956363549178,0.0030855630283205993
76,0.0,0.0,0.0,0.0,gini,5,10,10,"{'criterion': 'gini', 'max_depth': 5, 'min_samples_leaf': 10, 'min_samples_split': 10}",0.7125748502994012,0.7065868263473054,0.7108433734939759,0.71,0.0025182402188572072,226,0.8048048048048048,0.8078078078078078,0.811377245508982,0.8079966193738649,0.0026865072191837105
77,0.0,0.0,0.0,0.0,gini,5,10,15,"{'criterion': 'gini', 'max_depth': 5, 'min_samples_leaf': 10, 'min_samples_split': 15}",0.7125748502994012,0.7065868263473054,0.7108433734939759,0.71,0.0025182402188572072,226,0.8048048048048048,0.8078078078078078,0.811377245508982,0.8079966193738649,0.0026865072191837105
78,0.0,0.0,0.0,0.0,gini,5,10,20,"{'criterion': 'gini', 'max_depth': 5, 'min_samples_leaf': 10, 'min_samples_split': 20}",0.7125748502994012,0.7065868263473054,0.7108433734939759,0.71,0.0025182402188572072,226,0.8048048048048048,0.8078078078078078,0.811377245508982,0.8079966193738649,0.0026865072191837105
79,0.0,0.0,0.0,0.0,gini,5,10,25,"{'criterion': 'gini', 'max_depth': 5, 'min_samples_leaf': 10, 'min_samples_split': 25}",0.7125748502994012,0.7245508982035929,0.7108433734939759,0.716,0.006096546654070638,158,0.8048048048048048,0.8018018018018018,0.811377245508982,0.8059946173718627,0.003998668195444694
80,0.0052026112874348955,0.007357603442445779,0.0,0.0,gini,6,1,10,"{'criterion': 'gini', 'max_depth': 6, 'min_samples_leaf': 1, 'min_samples_split': 10}",0.7005988023952096,0.7065868263473054,0.7289156626506024,0.712,0.012173789052258816,222,0.8468468468468469,0.8648648648648649,0.8682634730538922,0.8599917282552013,0.009397821195554063
81,0.0,0.0,0.0,0.0,gini,6,1,15,"{'criterion': 'gini', 'max_depth': 6, 'min_samples_leaf': 1, 'min_samples_split': 15}",0.7005988023952096,0.7125748502994012,0.7289156626506024,0.714,0.011598469432744563,169,0.8438438438438438,0.8618618618618619,0.8562874251497006,0.8539977102851354,0.0075319027673474296
82,0.0,0.0,0.0,0.0,gini,6,1,20,"{'criterion': 'gini', 'max_depth': 6, 'min_samples_leaf': 1, 'min_samples_split': 20}",0.718562874251497,0.7065868263473054,0.7409638554216867,0.722,0.014236898259743688,132,0.8408408408408409,0.8618618618618619,0.8323353293413174,0.8450126773480067,0.012409866922562978
83,0.0,0.0,0.0,0.0,gini,6,1,25,"{'criterion': 'gini', 'max_depth': 6, 'min_samples_leaf': 1, 'min_samples_split': 25}",0.7245508982035929,0.7065868263473054,0.7409638554216867,0.724,0.014032705261939784,116,0.8378378378378378,0.8588588588588588,0.8203592814371258,0.8390186593779408,0.015739549338003773
84,0.0,0.0,0.0,0.0,gini,6,3,10,"{'criterion': 'gini', 'max_depth': 6, 'min_samples_leaf': 3, 'min_samples_split': 10}",0.7125748502994012,0.7005988023952096,0.6987951807228916,0.704,0.006116866799871485,238,0.8378378378378378,0.8378378378378378,0.8592814371257484,0.8449857042671414,0.010108609646352414
85,0.0,0.0,0.0,0.0,gini,6,3,15,"{'criterion': 'gini', 'max_depth': 6, 'min_samples_leaf': 3, 'min_samples_split': 15}",0.7125748502994012,0.7005988023952096,0.7048192771084337,0.706,0.0049643705653406684,236,0.8378378378378378,0.8378378378378378,0.8473053892215568,0.8409936882990775,0.004463046523106533
86,0.0,0.0,0.0,0.0,gini,6,3,20,"{'criterion': 'gini', 'max_depth': 6, 'min_samples_leaf': 3, 'min_samples_split': 20}",0.7305389221556886,0.718562874251497,0.7108433734939759,0.72,0.008100800634852015,139,0.8318318318318318,0.8348348348348348,0.8293413173652695,0.8320026613439787,0.0022459698111313335
87,0.0,0.0,0.0,0.0,gini,6,3,25,"{'criterion': 'gini', 'max_depth': 6, 'min_samples_leaf': 3, 'min_samples_split': 25}",0.7305389221556886,0.718562874251497,0.7349397590361446,0.728,0.006920117857853479,100,0.8318318318318318,0.8348348348348348,0.8293413173652695,0.8320026613439787,0.0022459698111313335
88,0.0,0.0,0.0,0.0,gini,6,7,10,"{'criterion': 'gini', 'max_depth': 6, 'min_samples_leaf': 7, 'min_samples_split': 10}",0.7604790419161677,0.7065868263473054,0.7289156626506024,0.732,0.022130477313344183,66,0.8318318318318318,0.8228228228228228,0.844311377245509,0.8329886773000545,0.008810721172609226
89,0.0,0.0,0.0,0.0,gini,6,7,15,"{'criterion': 'gini', 'max_depth': 6, 'min_samples_leaf': 7, 'min_samples_split': 15}",0.7604790419161677,0.688622754491018,0.7289156626506024,0.726,0.02943638124984968,106,0.8318318318318318,0.8288288288288288,0.844311377245509,0.8349906793020566,0.006703783229083916
90,0.0,0.0,0.0,0.0,gini,6,7,20,"{'criterion': 'gini', 'max_depth': 6, 'min_samples_leaf': 7, 'min_samples_split': 20}",0.7784431137724551,0.7365269461077845,0.7349397590361446,0.75,0.020152903715657713,3,0.8288288288288288,0.8228228228228228,0.8203592814371258,0.8240036443629258,0.003557064603223118
91,0.00521389643351237,0.007373563049081903,0.0,0.0,gini,6,7,25,"{'criterion': 'gini', 'max_depth': 6, 'min_samples_leaf': 7, 'min_samples_split': 25}",0.7784431137724551,0.7365269461077845,0.7349397590361446,0.75,0.020152903715657713,3,0.8288288288288288,0.8228228228228228,0.8203592814371258,0.8240036443629258,0.003557064603223118
92,0.0,0.0,0.0,0.0,gini,6,10,10,"{'criterion': 'gini', 'max_depth': 6, 'min_samples_leaf': 10, 'min_samples_split': 10}",0.7305389221556886,0.6646706586826348,0.7108433734939759,0.702,0.027630044844539185,245,0.8198198198198198,0.8228228228228228,0.811377245508982,0.8180066293838749,0.0048453451668949345
93,0.0,0.0,0.0,0.0,gini,6,10,15,"{'criterion': 'gini', 'max_depth': 6, 'min_samples_leaf': 10, 'min_samples_split': 15}",0.7305389221556886,0.6646706586826348,0.7108433734939759,0.702,0.027630044844539185,245,0.8198198198198198,0.8228228228228228,0.811377245508982,0.8180066293838749,0.0048453451668949345
94,0.0,0.0,0.005208253860473633,0.007365583245763841,gini,6,10,20,"{'criterion': 'gini', 'max_depth': 6, 'min_samples_leaf': 10, 'min_samples_split': 20}",0.7305389221556886,0.6646706586826348,0.7108433734939759,0.702,0.027630044844539185,245,0.8198198198198198,0.8228228228228228,0.811377245508982,0.8180066293838749,0.0048453451668949345
95,0.0,0.0,0.0,0.0,gini,6,10,25,"{'criterion': 'gini', 'max_depth': 6, 'min_samples_leaf': 10, 'min_samples_split': 25}",0.7305389221556886,0.7305389221556886,0.7108433734939759,0.724,0.009275244285427819,116,0.8198198198198198,0.8108108108108109,0.811377245508982,0.8140026253798709,0.004119872605712642
96,0.005208015441894531,0.007365246070975754,0.0,0.0,gini,7,1,10,"{'criterion': 'gini', 'max_depth': 7, 'min_samples_leaf': 1, 'min_samples_split': 10}",0.7365269461077845,0.7245508982035929,0.7108433734939759,0.724,0.010487242362162946,116,0.8648648648648649,0.8708708708708709,0.8802395209580839,0.8719917522312732,0.006326520568962684
97,0.0,0.0,0.0,0.0,gini,7,1,15,"{'criterion': 'gini', 'max_depth': 7, 'min_samples_leaf': 1, 'min_samples_split': 15}",0.7365269461077845,0.7065868263473054,0.7228915662650602,0.722,0.012251353561688596,132,0.8618618618618619,0.8738738738738738,0.8682634730538922,0.8679997362632093,0.004907428108846813
98,0.0,0.0,0.0,0.0,gini,7,1,20,"{'criterion': 'gini', 'max_depth': 7, 'min_samples_leaf': 1, 'min_samples_split': 20}",0.7544910179640718,0.7125748502994012,0.7289156626506024,0.732,0.017266767492769914,66,0.8588588588588588,0.8618618618618619,0.844311377245509,0.8550106993220766,0.0076642514934643635
99,0.0,0.0,0.0,0.0,gini,7,1,25,"{'criterion': 'gini', 'max_depth': 7, 'min_samples_leaf': 1, 'min_samples_split': 25}",0.7604790419161677,0.7125748502994012,0.7289156626506024,0.734,0.019901793371700345,52,0.8558558558558559,0.8618618618618619,0.8323353293413174,0.8500176823530117,0.012741460749816632
100,0.0,0.0,0.0,0.0,gini,7,3,10,"{'criterion': 'gini', 'max_depth': 7, 'min_samples_leaf': 3, 'min_samples_split': 10}",0.7365269461077845,0.7065868263473054,0.6867469879518072,0.71,0.02045563525024561,226,0.8558558558558559,0.8558558558558559,0.8712574850299402,0.8609897322472172,0.00726039762021037
101,0.0,0.0,0.005214373270670573,0.0073742373986580775,gini,7,3,15,"{'criterion': 'gini', 'max_depth': 7, 'min_samples_leaf': 3, 'min_samples_split': 15}",0.7604790419161677,0.7065868263473054,0.6927710843373494,0.72,0.029215014329296858,139,0.8558558558558559,0.8558558558558559,0.8592814371257484,0.8569977162791534,0.0016148344969644376
102,0.0,0.0,0.0013388792673746746,0.0018934612183014179,gini,7,3,20,"{'criterion': 'gini', 'max_depth': 7, 'min_samples_leaf': 3, 'min_samples_split': 20}",0.7664670658682635,0.7125748502994012,0.6987951807228916,0.726,0.029203855246247516,106,0.8498498498498499,0.8438438438438438,0.8413173652694611,0.8450036863210516,0.0035786169775109855
103,0.0,0.0,0.0,0.0,gini,7,3,25,"{'criterion': 'gini', 'max_depth': 7, 'min_samples_leaf': 3, 'min_samples_split': 25}",0.7664670658682635,0.7245508982035929,0.7228915662650602,0.738,0.020170823760059194,41,0.8498498498498499,0.8438438438438438,0.8413173652694611,0.8450036863210516,0.0035786169775109855
104,0.0,0.0,0.0,0.0,gini,7,7,10,"{'criterion': 'gini', 'max_depth': 7, 'min_samples_leaf': 7, 'min_samples_split': 10}",0.7544910179640718,0.6706586826347305,0.7228915662650602,0.716,0.03460140662950288,158,0.8408408408408409,0.8408408408408409,0.8473053892215568,0.8429956903010796,0.003047417331541853
105,0.0,0.0,0.0,0.0,gini,7,7,15,"{'criterion': 'gini', 'max_depth': 7, 'min_samples_leaf': 7, 'min_samples_split': 15}",0.7544910179640718,0.6826347305389222,0.7228915662650602,0.72,0.029435199904787712,139,0.8408408408408409,0.8408408408408409,0.8473053892215568,0.8429956903010796,0.003047417331541853
106,0.0,0.0,0.0,0.0,gini,7,7,20,"{'criterion': 'gini', 'max_depth': 7, 'min_samples_leaf': 7, 'min_samples_split': 20}",0.7784431137724551,0.718562874251497,0.7289156626506024,0.742,0.026151286060983485,20,0.8288288288288288,0.8348348348348348,0.8233532934131736,0.8290056523589459,0.004688986974811821
107,0.005207538604736328,0.007364571721399579,0.0,0.0,gini,7,7,25,"{'criterion': 'gini', 'max_depth': 7, 'min_samples_leaf': 7, 'min_samples_split': 25}",0.7784431137724551,0.7365269461077845,0.7289156626506024,0.748,0.02178138390458874,6,0.8288288288288288,0.8228228228228228,0.8233532934131736,0.8250016483549417,0.0027148766143336345
108,0.0,0.0,0.0,0.0,gini,7,10,10,"{'criterion': 'gini', 'max_depth': 7, 'min_samples_leaf': 10, 'min_samples_split': 10}",0.7305389221556886,0.6467065868263473,0.7108433734939759,0.696,0.035821165601601444,259,0.8198198198198198,0.8348348348348348,0.811377245508982,0.8220106333878788,0.009701009305310588
109,0.0,0.0,0.0,0.0,gini,7,10,15,"{'criterion': 'gini', 'max_depth': 7, 'min_samples_leaf': 10, 'min_samples_split': 15}",0.7305389221556886,0.6467065868263473,0.7108433734939759,0.696,0.035821165601601444,259,0.8198198198198198,0.8348348348348348,0.811377245508982,0.8220106333878788,0.009701009305310588
110,0.0,0.0,0.0,0.0,gini,7,10,20,"{'criterion': 'gini', 'max_depth': 7, 'min_samples_leaf': 10, 'min_samples_split': 20}",0.7305389221556886,0.6467065868263473,0.7108433734939759,0.696,0.035821165601601444,259,0.8198198198198198,0.8348348348348348,0.811377245508982,0.8220106333878788,0.009701009305310588
111,0.00037209192911783856,0.0005262174526080156,0.0,0.0,gini,7,10,25,"{'criterion': 'gini', 'max_depth': 7, 'min_samples_leaf': 10, 'min_samples_split': 25}",0.7305389221556886,0.7305389221556886,0.7108433734939759,0.724,0.009275244285427819,116,0.8198198198198198,0.8108108108108109,0.811377245508982,0.8140026253798709,0.004119872605712642
112,0.00520936648050944,0.007367156728108248,0.0,0.0,gini,8,1,10,"{'criterion': 'gini', 'max_depth': 8, 'min_samples_leaf': 1, 'min_samples_split': 10}",0.7305389221556886,0.7065868263473054,0.6927710843373494,0.71,0.015599276314703113,226,0.8798798798798799,0.8858858858858859,0.9011976047904192,0.8889877901853951,0.008975065702743415
113,0.0,0.0,0.0,0.0,gini,8,1,15,"{'criterion': 'gini', 'max_depth': 8, 'min_samples_leaf': 1, 'min_samples_split': 15}",0.7305389221556886,0.688622754491018,0.7289156626506024,0.716,0.01939899225135003,158,0.8738738738738738,0.8858858858858859,0.8802395209580839,0.8799997602392812,0.004906813089700971
114,0.0,0.0,0.005208174387613933,0.007365470854167811,gini,8,1,20,"{'criterion': 'gini', 'max_depth': 8, 'min_samples_leaf': 1, 'min_samples_split': 20}",0.7485029940119761,0.6826347305389222,0.7349397590361446,0.722,0.02842126441042938,132,0.8588588588588588,0.8828828828828829,0.8532934131736527,0.8650117183051315,0.012839455828098843
115,0.0,0.0,0.0,0.0,gini,8,1,25,"{'criterion': 'gini', 'max_depth': 8, 'min_samples_leaf': 1, 'min_samples_split': 25}",0.7544910179640718,0.7125748502994012,0.7289156626506024,0.732,0.017266767492769914,66,0.8558558558558559,0.8618618618618619,0.8323353293413174,0.8500176823530117,0.012741460749816632
116,0.0,0.0,0.0,0.0,gini,8,3,10,"{'criterion': 'gini', 'max_depth': 8, 'min_samples_leaf': 3, 'min_samples_split': 10}",0.7305389221556886,0.6826347305389222,0.6686746987951807,0.694,0.02649525809257942,270,0.8648648648648649,0.8678678678678678,0.8832335329341318,0.8719887552222881,0.008045217051167394
117,0.0,0.0,0.0052076975504557295,0.007364796504591637,gini,8,3,15,"{'criterion': 'gini', 'max_depth': 8, 'min_samples_leaf': 3, 'min_samples_split': 15}",0.7664670658682635,0.688622754491018,0.6927710843373494,0.716,0.0357792089459779,158,0.8648648648648649,0.8618618618618619,0.8712574850299402,0.8659947372522222,0.003918068604803216
118,0.0,0.0,0.0,0.0,gini,8,3,20,"{'criterion': 'gini', 'max_depth': 8, 'min_samples_leaf': 3, 'min_samples_split': 20}",0.7664670658682635,0.6946107784431138,0.7048192771084337,0.722,0.031764450325030634,132,0.8498498498498499,0.8498498498498499,0.8502994011976048,0.8499997002991014,0.00021192053765937448
119,0.0016752084096272786,0.00048369390523138865,0.0003330707550048828,0.0004710331789577517,gini,8,3,25,"{'criterion': 'gini', 'max_depth': 8, 'min_samples_leaf': 3, 'min_samples_split': 25}",0.7664670658682635,0.7065868263473054,0.7228915662650602,0.732,0.02529892851197417,66,0.8498498498498499,0.8498498498498499,0.8413173652694611,0.8470056883230536,0.004022251804775049
120,0.0,0.0,0.0,0.0,gini,8,7,10,"{'criterion': 'gini', 'max_depth': 8, 'min_samples_leaf': 7, 'min_samples_split': 10}",0.7544910179640718,0.7005988023952096,0.7228915662650602,0.726,0.022132152878552212,106,0.8408408408408409,0.8408408408408409,0.8473053892215568,0.8429956903010796,0.003047417331541853
121,0.0,0.0,0.0,0.0,gini,8,7,15,"{'criterion': 'gini', 'max_depth': 8, 'min_samples_leaf': 7, 'min_samples_split': 15}",0.7544910179640718,0.6766467065868264,0.7228915662650602,0.718,0.031997939295887776,151,0.8408408408408409,0.8348348348348348,0.8473053892215568,0.8409936882990775,0.005092229599246633
122,0.005587021509806315,0.007111764336537142,0.0002961158752441406,0.0004187710868042431,gini,8,7,20,"{'criterion': 'gini', 'max_depth': 8, 'min_samples_leaf': 7, 'min_samples_split': 20}",0.7784431137724551,0.718562874251497,0.7289156626506024,0.742,0.026151286060983485,20,0.8288288288288288,0.8348348348348348,0.8233532934131736,0.8290056523589459,0.004688986974811821
123,0.0,0.0,0.0,0.0,gini,8,7,25,"{'criterion': 'gini', 'max_depth': 8, 'min_samples_leaf': 7, 'min_samples_split': 25}",0.7784431137724551,0.7365269461077845,0.7289156626506024,0.748,0.02178138390458874,6,0.8288288288288288,0.8228228228228228,0.8233532934131736,0.8250016483549417,0.0027148766143336345
124,0.0,0.0,0.0,0.0,gini,8,10,10,"{'criterion': 'gini', 'max_depth': 8, 'min_samples_leaf': 10, 'min_samples_split': 10}",0.7305389221556886,0.6467065868263473,0.7108433734939759,0.696,0.035821165601601444,259,0.8198198198198198,0.8348348348348348,0.811377245508982,0.8220106333878788,0.009701009305310588
125,0.0,0.0,0.0,0.0,gini,8,10,15,"{'criterion': 'gini', 'max_depth': 8, 'min_samples_leaf': 10, 'min_samples_split': 15}",0.7305389221556886,0.6467065868263473,0.7108433734939759,0.696,0.035821165601601444,259,0.8198198198198198,0.8348348348348348,0.811377245508982,0.8220106333878788,0.009701009305310588
126,0.0,0.0,0.0,0.0,gini,8,10,20,"{'criterion': 'gini', 'max_depth': 8, 'min_samples_leaf': 10, 'min_samples_split': 20}",0.7305389221556886,0.6467065868263473,0.7108433734939759,0.696,0.035821165601601444,259,0.8198198198198198,0.8348348348348348,0.811377245508982,0.8220106333878788,0.009701009305310588
127,0.0,0.0,0.0,0.0,gini,8,10,25,"{'criterion': 'gini', 'max_depth': 8, 'min_samples_leaf': 10, 'min_samples_split': 25}",0.7305389221556886,0.7305389221556886,0.7108433734939759,0.724,0.009275244285427819,116,0.8198198198198198,0.8108108108108109,0.811377245508982,0.8140026253798709,0.004119872605712642
128,0.0,0.0,0.0,0.0,gini,9,1,10,"{'criterion': 'gini', 'max_depth': 9, 'min_samples_leaf': 1, 'min_samples_split': 10}",0.6946107784431138,0.6646706586826348,0.6867469879518072,0.682,0.012684639504509128,285,0.8888888888888888,0.8948948948948949,0.9041916167664671,0.895991800183417,0.006295277120338881
129,0.0,0.0,0.0,0.0,gini,9,1,15,"{'criterion': 'gini', 'max_depth': 9, 'min_samples_leaf': 1, 'min_samples_split': 15}",0.7065868263473054,0.6826347305389222,0.7108433734939759,0.7,0.012419570258935524,249,0.8828828828828829,0.8858858858858859,0.8832335329341318,0.8840007672343001,0.0013406448976835776
130,0.0,0.0,0.0,0.0,gini,9,1,20,"{'criterion': 'gini', 'max_depth': 9, 'min_samples_leaf': 1, 'min_samples_split': 20}",0.7485029940119761,0.6826347305389222,0.7168674698795181,0.716,0.026924429375449425,158,0.8588588588588588,0.8768768768768769,0.8562874251497006,0.8640077202951454,0.009160220564083606
131,0.0,0.0,0.0,0.0,gini,9,1,25,"{'criterion': 'gini', 'max_depth': 9, 'min_samples_leaf': 1, 'min_samples_split': 25}",0.7544910179640718,0.7125748502994012,0.6987951807228916,0.722,0.02368613151011442,132,0.8558558558558559,0.8618618618618619,0.8353293413173652,0.8510156863450277,0.011359697539435842
132,0.00520785649617513,0.007365021287783696,0.0,0.0,gini,9,3,10,"{'criterion': 'gini', 'max_depth': 9, 'min_samples_leaf': 3, 'min_samples_split': 10}",0.7065868263473054,0.7065868263473054,0.6746987951807228,0.696,0.015017062176406954,259,0.8738738738738738,0.8708708708708709,0.8862275449101796,0.8769907632183082,0.006645455027133494
133,0.0,0.0,0.0,0.0,gini,9,3,15,"{'criterion': 'gini', 'max_depth': 9, 'min_samples_leaf': 3, 'min_samples_split': 15}",0.7425149700598802,0.688622754491018,0.6807228915662651,0.704,0.027464879423735572,238,0.8738738738738738,0.8618618618618619,0.8712574850299402,0.8689977402552254,0.005157644357606052
134,0.0,0.0,0.0,0.0,gini,9,3,20,"{'criterion': 'gini', 'max_depth': 9, 'min_samples_leaf': 3, 'min_samples_split': 20}",0.7664670658682635,0.6946107784431138,0.7048192771084337,0.722,0.031764450325030634,132,0.8498498498498499,0.8498498498498499,0.8502994011976048,0.8499997002991014,0.00021192053765937448
135,0.0,0.0,0.0,0.0,gini,9,3,25,"{'criterion': 'gini', 'max_depth': 9, 'min_samples_leaf': 3, 'min_samples_split': 25}",0.7664670658682635,0.7065868263473054,0.7228915662650602,0.732,0.02529892851197417,66,0.8498498498498499,0.8498498498498499,0.8413173652694611,0.8470056883230536,0.004022251804775049
136,0.0,0.0,0.0,0.0,gini,9,7,10,"{'criterion': 'gini', 'max_depth': 9, 'min_samples_leaf': 7, 'min_samples_split': 10}",0.7544910179640718,0.6826347305389222,0.7228915662650602,0.72,0.029435199904787712,139,0.8408408408408409,0.8408408408408409,0.8473053892215568,0.8429956903010796,0.003047417331541853
137,0.0,0.0,0.0,0.0,gini,9,7,15,"{'criterion': 'gini', 'max_depth': 9, 'min_samples_leaf': 7, 'min_samples_split': 15}",0.7544910179640718,0.6766467065868264,0.7228915662650602,0.718,0.031997939295887776,151,0.8408408408408409,0.8348348348348348,0.8473053892215568,0.8409936882990775,0.005092229599246633
138,0.0,0.0,0.0,0.0,gini,9,7,20,"{'criterion': 'gini', 'max_depth': 9, 'min_samples_leaf': 7, 'min_samples_split': 20}",0.7784431137724551,0.718562874251497,0.7289156626506024,0.742,0.026151286060983485,20,0.8288288288288288,0.8348348348348348,0.8233532934131736,0.8290056523589459,0.004688986974811821
139,0.0,0.0,0.0,0.0,gini,9,7,25,"{'criterion': 'gini', 'max_depth': 9, 'min_samples_leaf': 7, 'min_samples_split': 25}",0.7784431137724551,0.7365269461077845,0.7289156626506024,0.748,0.02178138390458874,6,0.8288288288288288,0.8228228228228228,0.8233532934131736,0.8250016483549417,0.0027148766143336345
140,0.0,0.0,0.0,0.0,gini,9,10,10,"{'criterion': 'gini', 'max_depth': 9, 'min_samples_leaf': 10, 'min_samples_split': 10}",0.7305389221556886,0.6467065868263473,0.7108433734939759,0.696,0.035821165601601444,259,0.8198198198198198,0.8348348348348348,0.811377245508982,0.8220106333878788,0.009701009305310588
141,0.0,0.0,0.0,0.0,gini,9,10,15,"{'criterion': 'gini', 'max_depth': 9, 'min_samples_leaf': 10, 'min_samples_split': 15}",0.7305389221556886,0.6467065868263473,0.7108433734939759,0.696,0.035821165601601444,259,0.8198198198198198,0.8348348348348348,0.811377245508982,0.8220106333878788,0.009701009305310588
142,0.0,0.0,0.0,0.0,gini,9,10,20,"{'criterion': 'gini', 'max_depth': 9, 'min_samples_leaf': 10, 'min_samples_split': 20}",0.7305389221556886,0.6467065868263473,0.7108433734939759,0.696,0.035821165601601444,259,0.8198198198198198,0.8348348348348348,0.811377245508982,0.8220106333878788,0.009701009305310588
143,0.005202452341715495,0.00735737865925372,0.0,0.0,gini,9,10,25,"{'criterion': 'gini', 'max_depth': 9, 'min_samples_leaf': 10, 'min_samples_split': 25}",0.7305389221556886,0.7305389221556886,0.7108433734939759,0.724,0.009275244285427819,116,0.8198198198198198,0.8108108108108109,0.811377245508982,0.8140026253798709,0.004119872605712642
144,0.0,0.0,0.0,0.0,entropy,1,1,10,"{'criterion': 'entropy', 'max_depth': 1, 'min_samples_leaf': 1, 'min_samples_split': 10}",0.7125748502994012,0.7125748502994012,0.7168674698795181,0.714,0.0020215276006701993,169,0.7147147147147147,0.7147147147147147,0.7125748502994012,0.7140014265762767,0.0010087417592586664
145,0.0,0.0,0.0,0.0,entropy,1,1,15,"{'criterion': 'entropy', 'max_depth': 1, 'min_samples_leaf': 1, 'min_samples_split': 15}",0.7125748502994012,0.7125748502994012,0.7168674698795181,0.714,0.0020215276006701993,169,0.7147147147147147,0.7147147147147147,0.7125748502994012,0.7140014265762767,0.0010087417592586664
146,0.005208015441894531,0.007365246070975754,0.0,0.0,entropy,1,1,20,"{'criterion': 'entropy', 'max_depth': 1, 'min_samples_leaf': 1, 'min_samples_split': 20}",0.7125748502994012,0.7125748502994012,0.7168674698795181,0.714,0.0020215276006701993,169,0.7147147147147147,0.7147147147147147,0.7125748502994012,0.7140014265762767,0.0010087417592586664
147,0.0,0.0,0.0,0.0,entropy,1,1,25,"{'criterion': 'entropy', 'max_depth': 1, 'min_samples_leaf': 1, 'min_samples_split': 25}",0.7125748502994012,0.7125748502994012,0.7168674698795181,0.714,0.0020215276006701993,169,0.7147147147147147,0.7147147147147147,0.7125748502994012,0.7140014265762767,0.0010087417592586664
148,0.0,0.0,0.0,0.0,entropy,1,3,10,"{'criterion': 'entropy', 'max_depth': 1, 'min_samples_leaf': 3, 'min_samples_split': 10}",0.7125748502994012,0.7125748502994012,0.7168674698795181,0.714,0.0020215276006701993,169,0.7147147147147147,0.7147147147147147,0.7125748502994012,0.7140014265762767,0.0010087417592586664
149,0.0,0.0,0.0,0.0,entropy,1,3,15,"{'criterion': 'entropy', 'max_depth': 1, 'min_samples_leaf': 3, 'min_samples_split': 15}",0.7125748502994012,0.7125748502994012,0.7168674698795181,0.714,0.0020215276006701993,169,0.7147147147147147,0.7147147147147147,0.7125748502994012,0.7140014265762767,0.0010087417592586664
150,0.0,0.0,0.0,0.0,entropy,1,3,20,"{'criterion': 'entropy', 'max_depth': 1, 'min_samples_leaf': 3, 'min_samples_split': 20}",0.7125748502994012,0.7125748502994012,0.7168674698795181,0.714,0.0020215276006701993,169,0.7147147147147147,0.7147147147147147,0.7125748502994012,0.7140014265762767,0.0010087417592586664
151,0.0,0.0,0.0,0.0,entropy,1,3,25,"{'criterion': 'entropy', 'max_depth': 1, 'min_samples_leaf': 3, 'min_samples_split': 25}",0.7125748502994012,0.7125748502994012,0.7168674698795181,0.714,0.0020215276006701993,169,0.7147147147147147,0.7147147147147147,0.7125748502994012,0.7140014265762767,0.0010087417592586664
152,0.0,0.0,0.0,0.0,entropy,1,7,10,"{'criterion': 'entropy', 'max_depth': 1, 'min_samples_leaf': 7, 'min_samples_split': 10}",0.7125748502994012,0.7125748502994012,0.7168674698795181,0.714,0.0020215276006701993,169,0.7147147147147147,0.7147147147147147,0.7125748502994012,0.7140014265762767,0.0010087417592586664
153,0.0,0.0,0.0,0.0,entropy,1,7,15,"{'criterion': 'entropy', 'max_depth': 1, 'min_samples_leaf': 7, 'min_samples_split': 15}",0.7125748502994012,0.7125748502994012,0.7168674698795181,0.714,0.0020215276006701993,169,0.7147147147147147,0.7147147147147147,0.7125748502994012,0.7140014265762767,0.0010087417592586664
154,0.0003331502278645833,0.0004711455705537808,0.00520777702331543,0.0073649088961876665,entropy,1,7,20,"{'criterion': 'entropy', 'max_depth': 1, 'min_samples_leaf': 7, 'min_samples_split': 20}",0.7125748502994012,0.7125748502994012,0.7168674698795181,0.714,0.0020215276006701993,169,0.7147147147147147,0.7147147147147147,0.7125748502994012,0.7140014265762767,0.0010087417592586664
155,0.0003333091735839844,0.00047137035374583886,0.0003331502278645833,0.0004711455705537808,entropy,1,7,25,"{'criterion': 'entropy', 'max_depth': 1, 'min_samples_leaf': 7, 'min_samples_split': 25}",0.7125748502994012,0.7125748502994012,0.7168674698795181,0.714,0.0020215276006701993,169,0.7147147147147147,0.7147147147147147,0.7125748502994012,0.7140014265762767,0.0010087417592586664
156,0.0003331502278645833,0.0004711455705537808,0.0003331502278645833,0.0004711455705537808,entropy,1,10,10,"{'criterion': 'entropy', 'max_depth': 1, 'min_samples_leaf': 10, 'min_samples_split': 10}",0.7125748502994012,0.7125748502994012,0.7168674698795181,0.714,0.0020215276006701993,169,0.7147147147147147,0.7147147147147147,0.7125748502994012,0.7140014265762767,0.0010087417592586664
157,0.0,0.0,0.0003674030303955078,0.0005195863484423016,entropy,1,10,15,"{'criterion': 'entropy', 'max_depth': 1, 'min_samples_leaf': 10, 'min_samples_split': 15}",0.7125748502994012,0.7125748502994012,0.7168674698795181,0.714,0.0020215276006701993,169,0.7147147147147147,0.7147147147147147,0.7125748502994012,0.7140014265762767,0.0010087417592586664
158,0.0,0.0,0.0,0.0,entropy,1,10,20,"{'criterion': 'entropy', 'max_depth': 1, 'min_samples_leaf': 10, 'min_samples_split': 20}",0.7125748502994012,0.7125748502994012,0.7168674698795181,0.714,0.0020215276006701993,169,0.7147147147147147,0.7147147147147147,0.7125748502994012,0.7140014265762767,0.0010087417592586664
159,0.0,0.0,0.0,0.0,entropy,1,10,25,"{'criterion': 'entropy', 'max_depth': 1, 'min_samples_leaf': 10, 'min_samples_split': 25}",0.7125748502994012,0.7125748502994012,0.7168674698795181,0.714,0.0020215276006701993,169,0.7147147147147147,0.7147147147147147,0.7125748502994012,0.7140014265762767,0.0010087417592586664
160,0.0052089691162109375,0.0073665947701281025,0.0,0.0,entropy,2,1,10,"{'criterion': 'entropy', 'max_depth': 2, 'min_samples_leaf': 1, 'min_samples_split': 10}",0.6946107784431138,0.7305389221556886,0.7168674698795181,0.714,0.014820777176508655,169,0.7507507507507507,0.7507507507507507,0.7125748502994012,0.7380254506003009,0.017996292058034567
161,0.0,0.0,0.0,0.0,entropy,2,1,15,"{'criterion': 'entropy', 'max_depth': 2, 'min_samples_leaf': 1, 'min_samples_split': 15}",0.6946107784431138,0.7305389221556886,0.7168674698795181,0.714,0.014820777176508655,169,0.7507507507507507,0.7507507507507507,0.7125748502994012,0.7380254506003009,0.017996292058034567
162,0.0,0.0,0.0,0.0,entropy,2,1,20,"{'criterion': 'entropy', 'max_depth': 2, 'min_samples_leaf': 1, 'min_samples_split': 20}",0.6946107784431138,0.7305389221556886,0.7168674698795181,0.714,0.014820777176508655,169,0.7507507507507507,0.7507507507507507,0.7125748502994012,0.7380254506003009,0.017996292058034567
163,0.0,0.0,0.0,0.0,entropy,2,1,25,"{'criterion': 'entropy', 'max_depth': 2, 'min_samples_leaf': 1, 'min_samples_split': 25}",0.6946107784431138,0.7305389221556886,0.7168674698795181,0.714,0.014820777176508655,169,0.7507507507507507,0.7507507507507507,0.7125748502994012,0.7380254506003009,0.017996292058034567
164,0.005213816960652669,0.007373450657485875,0.0,0.0,entropy,2,3,10,"{'criterion': 'entropy', 'max_depth': 2, 'min_samples_leaf': 3, 'min_samples_split': 10}",0.6946107784431138,0.7305389221556886,0.7168674698795181,0.714,0.014820777176508655,169,0.7507507507507507,0.7507507507507507,0.7125748502994012,0.7380254506003009,0.017996292058034567
165,0.0,0.0,0.0,0.0,entropy,2,3,15,"{'criterion': 'entropy', 'max_depth': 2, 'min_samples_leaf': 3, 'min_samples_split': 15}",0.6946107784431138,0.7305389221556886,0.7168674698795181,0.714,0.014820777176508655,169,0.7507507507507507,0.7507507507507507,0.7125748502994012,0.7380254506003009,0.017996292058034567
166,0.0,0.0,0.0,0.0,entropy,2,3,20,"{'criterion': 'entropy', 'max_depth': 2, 'min_samples_leaf': 3, 'min_samples_split': 20}",0.6946107784431138,0.7305389221556886,0.7168674698795181,0.714,0.014820777176508655,169,0.7507507507507507,0.7507507507507507,0.7125748502994012,0.7380254506003009,0.017996292058034567
167,0.0,0.0,0.0,0.0,entropy,2,3,25,"{'criterion': 'entropy', 'max_depth': 2, 'min_samples_leaf': 3, 'min_samples_split': 25}",0.6946107784431138,0.7305389221556886,0.7168674698795181,0.714,0.014820777176508655,169,0.7507507507507507,0.7507507507507507,0.7125748502994012,0.7380254506003009,0.017996292058034567
168,0.0,0.0,0.0,0.0,entropy,2,7,10,"{'criterion': 'entropy', 'max_depth': 2, 'min_samples_leaf': 7, 'min_samples_split': 10}",0.6946107784431138,0.7305389221556886,0.7168674698795181,0.714,0.014820777176508655,169,0.7507507507507507,0.7507507507507507,0.7125748502994012,0.7380254506003009,0.017996292058034567
169,0.0,0.0,0.0,0.0,entropy,2,7,15,"{'criterion': 'entropy', 'max_depth': 2, 'min_samples_leaf': 7, 'min_samples_split': 15}",0.6946107784431138,0.7305389221556886,0.7168674698795181,0.714,0.014820777176508655,169,0.7507507507507507,0.7507507507507507,0.7125748502994012,0.7380254506003009,0.017996292058034567
170,0.0,0.0,0.0,0.0,entropy,2,7,20,"{'criterion': 'entropy', 'max_depth': 2, 'min_samples_leaf': 7, 'min_samples_split': 20}",0.6946107784431138,0.7305389221556886,0.7168674698795181,0.714,0.014820777176508655,169,0.7507507507507507,0.7507507507507507,0.7125748502994012,0.7380254506003009,0.017996292058034567
171,0.005201578140258789,0.007356142351697401,0.0,0.0,entropy,2,7,25,"{'criterion': 'entropy', 'max_depth': 2, 'min_samples_leaf': 7, 'min_samples_split': 25}",0.6946107784431138,0.7305389221556886,0.7168674698795181,0.714,0.014820777176508655,169,0.7507507507507507,0.7507507507507507,0.7125748502994012,0.7380254506003009,0.017996292058034567
172,0.0,0.0,0.0,0.0,entropy,2,10,10,"{'criterion': 'entropy', 'max_depth': 2, 'min_samples_leaf': 10, 'min_samples_split': 10}",0.6946107784431138,0.7305389221556886,0.7168674698795181,0.714,0.014820777176508655,169,0.7507507507507507,0.7507507507507507,0.7125748502994012,0.7380254506003009,0.017996292058034567
173,0.0,0.0,0.0,0.0,entropy,2,10,15,"{'criterion': 'entropy', 'max_depth': 2, 'min_samples_leaf': 10, 'min_samples_split': 15}",0.6946107784431138,0.7305389221556886,0.7168674698795181,0.714,0.014820777176508655,169,0.7507507507507507,0.7507507507507507,0.7125748502994012,0.7380254506003009,0.017996292058034567
174,0.0,0.0,0.005208015441894531,0.007365246070975754,entropy,2,10,20,"{'criterion': 'entropy', 'max_depth': 2, 'min_samples_leaf': 10, 'min_samples_split': 20}",0.6946107784431138,0.7305389221556886,0.7168674698795181,0.714,0.014820777176508655,169,0.7507507507507507,0.7507507507507507,0.7125748502994012,0.7380254506003009,0.017996292058034567
175,0.0,0.0,0.0,0.0,entropy,2,10,25,"{'criterion': 'entropy', 'max_depth': 2, 'min_samples_leaf': 10, 'min_samples_split': 25}",0.6946107784431138,0.7305389221556886,0.7168674698795181,0.714,0.014820777176508655,169,0.7507507507507507,0.7507507507507507,0.7125748502994012,0.7380254506003009,0.017996292058034567
176,0.0,0.0,0.0,0.0,entropy,3,1,10,"{'criterion': 'entropy', 'max_depth': 3, 'min_samples_leaf': 1, 'min_samples_split': 10}",0.718562874251497,0.7425149700598802,0.7409638554216867,0.734,0.010950380310497,52,0.7807807807807807,0.7747747747747747,0.7455089820359282,0.7670215125304946,0.015408001238442767
177,0.0,0.0,0.0,0.0,entropy,3,1,15,"{'criterion': 'entropy', 'max_depth': 3, 'min_samples_leaf': 1, 'min_samples_split': 15}",0.718562874251497,0.7425149700598802,0.7409638554216867,0.734,0.010950380310497,52,0.7807807807807807,0.7747747747747747,0.7455089820359282,0.7670215125304946,0.015408001238442767
178,0.0,0.0,0.0,0.0,entropy,3,1,20,"{'criterion': 'entropy', 'max_depth': 3, 'min_samples_leaf': 1, 'min_samples_split': 20}",0.718562874251497,0.7425149700598802,0.7409638554216867,0.734,0.010950380310497,52,0.7807807807807807,0.7747747747747747,0.7455089820359282,0.7670215125304946,0.015408001238442767
179,0.0,0.0,0.0,0.0,entropy,3,1,25,"{'criterion': 'entropy', 'max_depth': 3, 'min_samples_leaf': 1, 'min_samples_split': 25}",0.718562874251497,0.7425149700598802,0.7409638554216867,0.734,0.010950380310497,52,0.7807807807807807,0.7747747747747747,0.7455089820359282,0.7670215125304946,0.015408001238442767
180,0.0003135999043782552,0.0004434972379306343,0.0,0.0,entropy,3,3,10,"{'criterion': 'entropy', 'max_depth': 3, 'min_samples_leaf': 3, 'min_samples_split': 10}",0.718562874251497,0.7425149700598802,0.7409638554216867,0.734,0.010950380310497,52,0.7807807807807807,0.7747747747747747,0.7455089820359282,0.7670215125304946,0.015408001238442767
181,0.0,0.0,0.0,0.0,entropy,3,3,15,"{'criterion': 'entropy', 'max_depth': 3, 'min_samples_leaf': 3, 'min_samples_split': 15}",0.718562874251497,0.7425149700598802,0.7409638554216867,0.734,0.010950380310497,52,0.7807807807807807,0.7747747747747747,0.7455089820359282,0.7670215125304946,0.015408001238442767
182,0.0013324419657389324,0.0018843574990230648,0.0,0.0,entropy,3,3,20,"{'criterion': 'entropy', 'max_depth': 3, 'min_samples_leaf': 3, 'min_samples_split': 20}",0.718562874251497,0.7425149700598802,0.7409638554216867,0.734,0.010950380310497,52,0.7807807807807807,0.7747747747747747,0.7455089820359282,0.7670215125304946,0.015408001238442767
183,0.0,0.0,0.0,0.0,entropy,3,3,25,"{'criterion': 'entropy', 'max_depth': 3, 'min_samples_leaf': 3, 'min_samples_split': 25}",0.718562874251497,0.7425149700598802,0.7409638554216867,0.734,0.010950380310497,52,0.7807807807807807,0.7747747747747747,0.7455089820359282,0.7670215125304946,0.015408001238442767
184,0.001333157221476237,0.0018853690233873262,0.0,0.0,entropy,3,7,10,"{'criterion': 'entropy', 'max_depth': 3, 'min_samples_leaf': 7, 'min_samples_split': 10}",0.718562874251497,0.7365269461077845,0.7409638554216867,0.732,0.009686433637267709,66,0.7807807807807807,0.7657657657657657,0.7455089820359282,0.7640185095274915,0.01445255744256557
185,0.0013327598571777344,0.001884807065407181,0.0,0.0,entropy,3,7,15,"{'criterion': 'entropy', 'max_depth': 3, 'min_samples_leaf': 7, 'min_samples_split': 15}",0.718562874251497,0.7365269461077845,0.7409638554216867,0.732,0.009686433637267709,66,0.7807807807807807,0.7657657657657657,0.7455089820359282,0.7640185095274915,0.01445255744256557
186,0.0014662742614746094,0.0020736249467359865,0.0,0.0,entropy,3,7,20,"{'criterion': 'entropy', 'max_depth': 3, 'min_samples_leaf': 7, 'min_samples_split': 20}",0.718562874251497,0.7365269461077845,0.7409638554216867,0.732,0.009686433637267709,66,0.7807807807807807,0.7657657657657657,0.7455089820359282,0.7640185095274915,0.01445255744256557
187,0.0,0.0,0.0,0.0,entropy,3,7,25,"{'criterion': 'entropy', 'max_depth': 3, 'min_samples_leaf': 7, 'min_samples_split': 25}",0.718562874251497,0.7365269461077845,0.7409638554216867,0.732,0.009686433637267709,66,0.7807807807807807,0.7657657657657657,0.7455089820359282,0.7640185095274915,0.01445255744256557
188,0.0,0.0,0.0,0.0,entropy,3,10,10,"{'criterion': 'entropy', 'max_depth': 3, 'min_samples_leaf': 10, 'min_samples_split': 10}",0.718562874251497,0.7365269461077845,0.7409638554216867,0.732,0.009686433637267709,66,0.7807807807807807,0.7567567567567568,0.7455089820359282,0.7610155065244886,0.014711167161093684
189,0.0,0.0,0.0,0.0,entropy,3,10,15,"{'criterion': 'entropy', 'max_depth': 3, 'min_samples_leaf': 10, 'min_samples_split': 15}",0.718562874251497,0.7365269461077845,0.7409638554216867,0.732,0.009686433637267709,66,0.7807807807807807,0.7567567567567568,0.7455089820359282,0.7610155065244886,0.014711167161093684
190,0.0,0.0,0.0,0.0,entropy,3,10,20,"{'criterion': 'entropy', 'max_depth': 3, 'min_samples_leaf': 10, 'min_samples_split': 20}",0.718562874251497,0.7365269461077845,0.7409638554216867,0.732,0.009686433637267709,66,0.7807807807807807,0.7567567567567568,0.7455089820359282,0.7610155065244886,0.014711167161093684
191,0.0,0.0,0.0,0.0,entropy,3,10,25,"{'criterion': 'entropy', 'max_depth': 3, 'min_samples_leaf': 10, 'min_samples_split': 25}",0.718562874251497,0.7365269461077845,0.7409638554216867,0.732,0.009686433637267709,66,0.7807807807807807,0.7567567567567568,0.7455089820359282,0.7610155065244886,0.014711167161093684
192,0.0,0.0,0.0,0.0,entropy,4,1,10,"{'criterion': 'entropy', 'max_depth': 4, 'min_samples_leaf': 1, 'min_samples_split': 10}",0.7305389221556886,0.7425149700598802,0.7409638554216867,0.738,0.005321467332725354,41,0.8048048048048048,0.7867867867867868,0.7964071856287425,0.795999592406778,0.0073614691695045205
193,0.0,0.0,0.0,0.0,entropy,4,1,15,"{'criterion': 'entropy', 'max_depth': 4, 'min_samples_leaf': 1, 'min_samples_split': 15}",0.7305389221556886,0.7425149700598802,0.7409638554216867,0.738,0.005321467332725354,41,0.8048048048048048,0.7867867867867868,0.7964071856287425,0.795999592406778,0.0073614691695045205
194,0.0,0.0,0.0,0.0,entropy,4,1,20,"{'criterion': 'entropy', 'max_depth': 4, 'min_samples_leaf': 1, 'min_samples_split': 20}",0.7485029940119761,0.7485029940119761,0.7409638554216867,0.746,0.0035504140213450837,12,0.8018018018018018,0.7807807807807807,0.7964071856287425,0.792996589403775,0.008914219208615506
195,0.0,0.0,0.005213499069213867,0.007373001091101759,entropy,4,1,25,"{'criterion': 'entropy', 'max_depth': 4, 'min_samples_leaf': 1, 'min_samples_split': 25}",0.7485029940119761,0.7485029940119761,0.7409638554216867,0.746,0.0035504140213450837,12,0.8018018018018018,0.7807807807807807,0.7964071856287425,0.792996589403775,0.008914219208615506
196,0.0,0.0,0.0,0.0,entropy,4,3,10,"{'criterion': 'entropy', 'max_depth': 4, 'min_samples_leaf': 3, 'min_samples_split': 10}",0.7305389221556886,0.7245508982035929,0.7409638554216867,0.732,0.006776636702112971,66,0.8048048048048048,0.7837837837837838,0.7964071856287425,0.794998591405777,0.008639403314862293
197,0.0,0.0,0.0,0.0,entropy,4,3,15,"{'criterion': 'entropy', 'max_depth': 4, 'min_samples_leaf': 3, 'min_samples_split': 15}",0.7305389221556886,0.7245508982035929,0.7409638554216867,0.732,0.006776636702112971,66,0.8048048048048048,0.7837837837837838,0.7964071856287425,0.794998591405777,0.008639403314862293
198,0.005208015441894531,0.007365246070975754,0.0,0.0,entropy,4,3,20,"{'criterion': 'entropy', 'max_depth': 4, 'min_samples_leaf': 3, 'min_samples_split': 20}",0.7485029940119761,0.7305389221556886,0.7409638554216867,0.74,0.007372512646104846,27,0.8018018018018018,0.7777777777777778,0.7964071856287425,0.7919955884027741,0.010291908638662067
199,0.0,0.0,0.0,0.0,entropy,4,3,25,"{'criterion': 'entropy', 'max_depth': 4, 'min_samples_leaf': 3, 'min_samples_split': 25}",0.7485029940119761,0.7305389221556886,0.7409638554216867,0.74,0.007372512646104846,27,0.8018018018018018,0.7777777777777778,0.7964071856287425,0.7919955884027741,0.010291908638662067
200,0.0,0.0,0.0,0.0,entropy,4,7,10,"{'criterion': 'entropy', 'max_depth': 4, 'min_samples_leaf': 7, 'min_samples_split': 10}",0.7305389221556886,0.7245508982035929,0.6927710843373494,0.716,0.016557891437252732,158,0.8048048048048048,0.8198198198198198,0.7784431137724551,0.8010225794656932,0.017102375511789166
201,0.005202531814575195,0.00735749105084975,0.0,0.0,entropy,4,7,15,"{'criterion': 'entropy', 'max_depth': 4, 'min_samples_leaf': 7, 'min_samples_split': 15}",0.7305389221556886,0.7245508982035929,0.6927710843373494,0.716,0.016557891437252732,158,0.8048048048048048,0.8198198198198198,0.7784431137724551,0.8010225794656932,0.017102375511789166
202,0.0,0.0,0.0,0.0,entropy,4,7,20,"{'criterion': 'entropy', 'max_depth': 4, 'min_samples_leaf': 7, 'min_samples_split': 20}",0.7485029940119761,0.7305389221556886,0.6927710843373494,0.724,0.02320764758807748,116,0.8018018018018018,0.8138138138138138,0.7784431137724551,0.7980195764626902,0.01468560580388851
203,0.0,0.0,0.0,0.0,entropy,4,7,25,"{'criterion': 'entropy', 'max_depth': 4, 'min_samples_leaf': 7, 'min_samples_split': 25}",0.7485029940119761,0.7305389221556886,0.6927710843373494,0.724,0.02320764758807748,116,0.8018018018018018,0.8138138138138138,0.7784431137724551,0.7980195764626902,0.01468560580388851
204,0.0,0.0,0.0,0.0,entropy,4,10,10,"{'criterion': 'entropy', 'max_depth': 4, 'min_samples_leaf': 10, 'min_samples_split': 10}",0.7544910179640718,0.7065868263473054,0.6927710843373494,0.718,0.026449516867053366,151,0.8078078078078078,0.8078078078078078,0.7784431137724551,0.7980195764626902,0.013842649519910702
205,0.0,0.0,0.0,0.0,entropy,4,10,15,"{'criterion': 'entropy', 'max_depth': 4, 'min_samples_leaf': 10, 'min_samples_split': 15}",0.7544910179640718,0.7065868263473054,0.6927710843373494,0.718,0.026449516867053366,151,0.8078078078078078,0.8078078078078078,0.7784431137724551,0.7980195764626902,0.013842649519910702
206,0.0,0.0,0.0,0.0,entropy,4,10,20,"{'criterion': 'entropy', 'max_depth': 4, 'min_samples_leaf': 10, 'min_samples_split': 20}",0.7544910179640718,0.7065868263473054,0.6927710843373494,0.718,0.026449516867053366,151,0.8078078078078078,0.8078078078078078,0.7784431137724551,0.7980195764626902,0.013842649519910702
207,0.005207618077596028,0.007364684112995609,0.0,0.0,entropy,4,10,25,"{'criterion': 'entropy', 'max_depth': 4, 'min_samples_leaf': 10, 'min_samples_split': 25}",0.7544910179640718,0.7245508982035929,0.6927710843373494,0.724,0.025187363693049143,116,0.8078078078078078,0.8018018018018018,0.7784431137724551,0.7960175744606883,0.0126666038173283
208,0.0,0.0,0.0,0.0,entropy,5,1,10,"{'criterion': 'entropy', 'max_depth': 5, 'min_samples_leaf': 1, 'min_samples_split': 10}",0.7125748502994012,0.6826347305389222,0.7289156626506024,0.708,0.019160461778817285,235,0.8258258258258259,0.8018018018018018,0.8203592814371258,0.8159956363549178,0.010281682137968451
209,0.0052076975504557295,0.0073647965045916365,0.0,0.0,entropy,5,1,15,"{'criterion': 'entropy', 'max_depth': 5, 'min_samples_leaf': 1, 'min_samples_split': 15}",0.718562874251497,0.6826347305389222,0.7168674698795181,0.706,0.01656098470981824,236,0.8198198198198198,0.8018018018018018,0.8173652694610778,0.8129956303608997,0.007978410565342701
210,0.0,0.0,0.0,0.0,entropy,5,1,20,"{'criterion': 'entropy', 'max_depth': 5, 'min_samples_leaf': 1, 'min_samples_split': 20}",0.7544910179640718,0.7005988023952096,0.7168674698795181,0.724,0.022590133216748638,116,0.8048048048048048,0.7957957957957958,0.8173652694610778,0.8059886233538928,0.008845398740482591
211,0.0,0.0,0.0,0.0,entropy,5,1,25,"{'criterion': 'entropy', 'max_depth': 5, 'min_samples_leaf': 1, 'min_samples_split': 25}",0.7544910179640718,0.688622754491018,0.7168674698795181,0.72,0.027007922748807246,139,0.8048048048048048,0.7957957957957958,0.8173652694610778,0.8059886233538928,0.008845398740482591
212,0.0,0.0,0.0,0.0,entropy,5,3,10,"{'criterion': 'entropy', 'max_depth': 5, 'min_samples_leaf': 3, 'min_samples_split': 10}",0.7245508982035929,0.6706586826347305,0.7168674698795181,0.704,0.023818482461618013,238,0.8258258258258259,0.7927927927927928,0.8173652694610778,0.8119946293598987,0.014010190319017969
213,0.0,0.0,0.0,0.0,entropy,5,3,15,"{'criterion': 'entropy', 'max_depth': 5, 'min_samples_leaf': 3, 'min_samples_split': 15}",0.718562874251497,0.6706586826347305,0.7168674698795181,0.702,0.022205687601698457,245,0.8198198198198198,0.7927927927927928,0.8173652694610778,0.8099926273578969,0.012203331134465145
214,0.0,0.0,0.0,0.0,entropy,5,3,20,"{'criterion': 'entropy', 'max_depth': 5, 'min_samples_leaf': 3, 'min_samples_split': 20}",0.7544910179640718,0.6766467065868264,0.7168674698795181,0.716,0.03181744878041233,158,0.8048048048048048,0.7867867867867868,0.8173652694610778,0.8029856203508897,0.012549713800813753
215,0.0008591016133626302,0.00019696822004538944,0.0006727377573649088,0.00047576602528021995,entropy,5,3,25,"{'criterion': 'entropy', 'max_depth': 5, 'min_samples_leaf': 3, 'min_samples_split': 25}",0.7544910179640718,0.6766467065868264,0.7168674698795181,0.716,0.03181744878041233,158,0.8048048048048048,0.7867867867867868,0.8173652694610778,0.8029856203508897,0.012549713800813753
216,0.0009989738464355469,3.371747880871523e-07,0.0,0.0,entropy,5,7,10,"{'criterion': 'entropy', 'max_depth': 5, 'min_samples_leaf': 7, 'min_samples_split': 10}",0.718562874251497,0.7125748502994012,0.7168674698795181,0.716,0.002522305085049744,158,0.8198198198198198,0.8198198198198198,0.811377245508982,0.8170056283828738,0.003979867697243132
217,0.0007243951161702474,0.0005123345602327649,0.0,0.0,entropy,5,7,15,"{'criterion': 'entropy', 'max_depth': 5, 'min_samples_leaf': 7, 'min_samples_split': 15}",0.7245508982035929,0.7125748502994012,0.7048192771084337,0.714,0.008114344083192462,169,0.8198198198198198,0.8198198198198198,0.8023952095808383,0.814011616406826,0.008214040039677555
218,0.0,0.0,0.0,0.0,entropy,5,7,20,"{'criterion': 'entropy', 'max_depth': 5, 'min_samples_leaf': 7, 'min_samples_split': 20}",0.7485029940119761,0.7305389221556886,0.7048192771084337,0.728,0.017915254738784213,100,0.8018018018018018,0.8138138138138138,0.8023952095808383,0.806003608398818,0.0055279601220448804
219,0.0,0.0,0.0,0.0,entropy,5,7,25,"{'criterion': 'entropy', 'max_depth': 5, 'min_samples_leaf': 7, 'min_samples_split': 25}",0.7485029940119761,0.7305389221556886,0.7048192771084337,0.728,0.017915254738784213,100,0.8018018018018018,0.8138138138138138,0.8023952095808383,0.806003608398818,0.0055279601220448804
220,0.0,0.0,0.0,0.0,entropy,5,10,10,"{'criterion': 'entropy', 'max_depth': 5, 'min_samples_leaf': 10, 'min_samples_split': 10}",0.7544910179640718,0.7065868263473054,0.7108433734939759,0.724,0.021662494996848632,116,0.8078078078078078,0.8078078078078078,0.8023952095808383,0.806003608398818,0.0025515232734189403
221,0.0,0.0,0.0013358592987060547,0.001889190337652314,entropy,5,10,15,"{'criterion': 'entropy', 'max_depth': 5, 'min_samples_leaf': 10, 'min_samples_split': 15}",0.7544910179640718,0.7065868263473054,0.7108433734939759,0.724,0.021662494996848632,116,0.8078078078078078,0.8078078078078078,0.8023952095808383,0.806003608398818,0.0025515232734189403
222,0.001329978307088216,0.0018808733595461645,0.0,0.0,entropy,5,10,20,"{'criterion': 'entropy', 'max_depth': 5, 'min_samples_leaf': 10, 'min_samples_split': 20}",0.7544910179640718,0.7065868263473054,0.7108433734939759,0.724,0.021662494996848632,116,0.8078078078078078,0.8078078078078078,0.8023952095808383,0.806003608398818,0.0025515232734189403
223,0.0,0.0,0.002672274907430013,0.0018896026826856842,entropy,5,10,25,"{'criterion': 'entropy', 'max_depth': 5, 'min_samples_leaf': 10, 'min_samples_split': 25}",0.7544910179640718,0.7245508982035929,0.7108433734939759,0.73,0.01822333769631353,98,0.8078078078078078,0.8018018018018018,0.8023952095808383,0.804001606396816,0.0027022718940220613
224,0.0013816356658935547,0.001953927896965047,0.0,0.0,entropy,6,1,10,"{'criterion': 'entropy', 'max_depth': 6, 'min_samples_leaf': 1, 'min_samples_split': 10}",0.718562874251497,0.7425149700598802,0.7409638554216867,0.734,0.010950380310497,52,0.8348348348348348,0.8498498498498499,0.8413173652694611,0.8420006833180486,0.006148867735441295
225,0.0,0.0,0.0,0.0,entropy,6,1,15,"{'criterion': 'entropy', 'max_depth': 6, 'min_samples_leaf': 1, 'min_samples_split': 15}",0.7245508982035929,0.7425149700598802,0.7108433734939759,0.726,0.012964030418742228,106,0.8258258258258259,0.8498498498498499,0.8263473053892215,0.8340076603549659,0.01120414242524085
226,0.0,0.0,0.0,0.0,entropy,6,1,20,"{'criterion': 'entropy', 'max_depth': 6, 'min_samples_leaf': 1, 'min_samples_split': 20}",0.7544910179640718,0.7485029940119761,0.7108433734939759,0.738,0.019300807613113844,41,0.8048048048048048,0.8438438438438438,0.8233532934131736,0.8240006473539409,0.01594419314601973
227,0.0,0.0,0.0,0.0,entropy,6,1,25,"{'criterion': 'entropy', 'max_depth': 6, 'min_samples_leaf': 1, 'min_samples_split': 25}",0.7544910179640718,0.7604790419161677,0.7108433734939759,0.742,0.02210088953483566,20,0.8048048048048048,0.8408408408408409,0.8233532934131736,0.8229996463529398,0.014713775245894177
228,0.0,0.0,0.0,0.0,entropy,6,3,10,"{'criterion': 'entropy', 'max_depth': 6, 'min_samples_leaf': 3, 'min_samples_split': 10}",0.7305389221556886,0.6706586826347305,0.7349397590361446,0.712,0.02933160617809641,222,0.8318318318318318,0.8348348348348348,0.8353293413173652,0.8339986693280106,0.0015454282505616155
229,0.005202531814575195,0.00735749105084975,0.0,0.0,entropy,6,3,15,"{'criterion': 'entropy', 'max_depth': 6, 'min_samples_leaf': 3, 'min_samples_split': 15}",0.7305389221556886,0.6706586826347305,0.7108433734939759,0.704,0.024941492752960447,238,0.8258258258258259,0.8348348348348348,0.8233532934131736,0.8280046513579448,0.004934025326167266
230,0.0,0.0,0.0,0.0,entropy,6,3,20,"{'criterion': 'entropy', 'max_depth': 6, 'min_samples_leaf': 3, 'min_samples_split': 20}",0.7544910179640718,0.6766467065868264,0.7108433734939759,0.714,0.03188931420001337,169,0.8048048048048048,0.8288288288288288,0.8233532934131736,0.8189956423489358,0.010280410973463444
231,0.0,0.0,0.0,0.0,entropy,6,3,25,"{'criterion': 'entropy', 'max_depth': 6, 'min_samples_leaf': 3, 'min_samples_split': 25}",0.7544910179640718,0.7425149700598802,0.7108433734939759,0.736,0.018397968539344785,51,0.8048048048048048,0.8198198198198198,0.8233532934131736,0.8159926393459327,0.00804143810515152
232,0.0,0.0,0.0,0.0,entropy,6,7,10,"{'criterion': 'entropy', 'max_depth': 6, 'min_samples_leaf': 7, 'min_samples_split': 10}",0.718562874251497,0.6526946107784432,0.7048192771084337,0.692,0.028394115824117033,271,0.8198198198198198,0.8348348348348348,0.8353293413173652,0.8299946653240067,0.0071975340657232205
233,0.0,0.0,0.0,0.0,entropy,6,7,15,"{'criterion': 'entropy', 'max_depth': 6, 'min_samples_leaf': 7, 'min_samples_split': 15}",0.7245508982035929,0.6706586826347305,0.6927710843373494,0.696,0.022140724311536537,259,0.8198198198198198,0.8348348348348348,0.8263473053892215,0.8270006533479587,0.00614723876450075
234,0.005208571751912435,0.007366032812147957,0.0,0.0,entropy,6,7,20,"{'criterion': 'entropy', 'max_depth': 6, 'min_samples_leaf': 7, 'min_samples_split': 20}",0.7485029940119761,0.688622754491018,0.6927710843373494,0.71,0.027319067215381024,226,0.8018018018018018,0.8288288288288288,0.8263473053892215,0.8189926453399506,0.012197904623613752
235,0.0,0.0,0.0,0.0,entropy,6,7,25,"{'criterion': 'entropy', 'max_depth': 6, 'min_samples_leaf': 7, 'min_samples_split': 25}",0.7485029940119761,0.7365269461077845,0.6927710843373494,0.726,0.023931707901847395,106,0.8018018018018018,0.8228228228228228,0.8263473053892215,0.8169906433379488,0.010836087078149195
236,0.0,0.0,0.0,0.0,entropy,6,10,10,"{'criterion': 'entropy', 'max_depth': 6, 'min_samples_leaf': 10, 'min_samples_split': 10}",0.718562874251497,0.6646706586826348,0.7108433734939759,0.698,0.023812017816273026,251,0.8228228228228228,0.8228228228228228,0.8083832335329342,0.8180096263928599,0.006806887669619269
237,0.005207538604736328,0.007364571721399579,0.0,0.0,entropy,6,10,15,"{'criterion': 'entropy', 'max_depth': 6, 'min_samples_leaf': 10, 'min_samples_split': 15}",0.718562874251497,0.6646706586826348,0.7108433734939759,0.698,0.023812017816273026,251,0.8228228228228228,0.8228228228228228,0.8083832335329342,0.8180096263928599,0.006806887669619269
238,0.0,0.0,0.0,0.0,entropy,6,10,20,"{'criterion': 'entropy', 'max_depth': 6, 'min_samples_leaf': 10, 'min_samples_split': 20}",0.718562874251497,0.6646706586826348,0.7108433734939759,0.698,0.023812017816273026,251,0.8228228228228228,0.8228228228228228,0.8083832335329342,0.8180096263928599,0.006806887669619269
239,0.0,0.0,0.0,0.0,entropy,6,10,25,"{'criterion': 'entropy', 'max_depth': 6, 'min_samples_leaf': 10, 'min_samples_split': 25}",0.718562874251497,0.7305389221556886,0.7108433734939759,0.72,0.008100800634852015,139,0.8228228228228228,0.8108108108108109,0.8083832335329342,0.8140056223888559,0.006312978720043069
240,0.0,0.0,0.0,0.0,entropy,7,1,10,"{'criterion': 'entropy', 'max_depth': 7, 'min_samples_leaf': 1, 'min_samples_split': 10}",0.7425149700598802,0.6946107784431138,0.7590361445783133,0.732,0.027322547600610623,66,0.8408408408408409,0.8678678678678678,0.8652694610778443,0.8579927232621843,0.01217451525135747
241,0.0,0.0,0.0,0.0,entropy,7,1,15,"{'criterion': 'entropy', 'max_depth': 7, 'min_samples_leaf': 1, 'min_samples_split': 15}",0.7425149700598802,0.6946107784431138,0.6987951807228916,0.712,0.021677063947027897,222,0.8258258258258259,0.8678678678678678,0.8413173652694611,0.8450036863210516,0.017360396442050813
242,0.00521389643351237,0.007373563049081903,0.0,0.0,entropy,7,1,20,"{'criterion': 'entropy', 'max_depth': 7, 'min_samples_leaf': 1, 'min_samples_split': 20}",0.7724550898203593,0.7005988023952096,0.6987951807228916,0.724,0.034322221108817816,116,0.8048048048048048,0.8618618618618619,0.8383233532934131,0.8349966733200266,0.023411920606634926
243,0.0,0.0,0.0,0.0,entropy,7,1,25,"{'criterion': 'entropy', 'max_depth': 7, 'min_samples_leaf': 1, 'min_samples_split': 25}",0.7724550898203593,0.7305389221556886,0.6987951807228916,0.734,0.030156128852217766,52,0.8048048048048048,0.8558558558558559,0.8383233532934131,0.8329946713180245,0.021179370340819546
244,0.005208015441894531,0.007365246070975754,0.0,0.0,entropy,7,3,10,"{'criterion': 'entropy', 'max_depth': 7, 'min_samples_leaf': 3, 'min_samples_split': 10}",0.7485029940119761,0.6347305389221557,0.7469879518072289,0.71,0.05330698643408562,226,0.8348348348348348,0.8588588588588588,0.8592814371257484,0.8509917102731475,0.011425938649837418
245,0.0,0.0,0.0,0.0,entropy,7,3,15,"{'criterion': 'entropy', 'max_depth': 7, 'min_samples_leaf': 3, 'min_samples_split': 15}",0.7425149700598802,0.6227544910179641,0.6987951807228916,0.688,0.049529068578943285,278,0.8258258258258259,0.8528528528528528,0.8383233532934131,0.8390006773240306,0.01104412734931256
246,0.0052076975504557295,0.0073647965045916365,0.0,0.0,entropy,7,3,20,"{'criterion': 'entropy', 'max_depth': 7, 'min_samples_leaf': 3, 'min_samples_split': 20}",0.7724550898203593,0.6407185628742516,0.6987951807228916,0.704,0.053959869870611764,238,0.8048048048048048,0.8468468468468469,0.8383233532934131,0.8299916683150216,0.018146552578025672
247,0.0,0.0,0.0,0.0,entropy,7,3,25,"{'criterion': 'entropy', 'max_depth': 7, 'min_samples_leaf': 3, 'min_samples_split': 25}",0.7724550898203593,0.7065868263473054,0.6987951807228916,0.726,0.03305126501856787,106,0.8048048048048048,0.8378378378378378,0.8383233532934131,0.8269886653120185,0.015687610431314707
248,0.0,0.0,0.0,0.0,entropy,7,7,10,"{'criterion': 'entropy', 'max_depth': 7, 'min_samples_leaf': 7, 'min_samples_split': 10}",0.7065868263473054,0.6526946107784432,0.7048192771084337,0.688,0.025012537077197187,278,0.8348348348348348,0.8348348348348348,0.8413173652694611,0.8369956783130436,0.0030558941530482993
249,0.005202134450276692,0.007356929092869604,0.0,0.0,entropy,7,7,15,"{'criterion': 'entropy', 'max_depth': 7, 'min_samples_leaf': 7, 'min_samples_split': 15}",0.7065868263473054,0.6526946107784432,0.6927710843373494,0.684,0.022874998694099008,284,0.8348348348348348,0.8348348348348348,0.8293413173652695,0.8330036623449798,0.0025896689701975814
250,0.0,0.0,0.0,0.0,entropy,7,7,20,"{'criterion': 'entropy', 'max_depth': 7, 'min_samples_leaf': 7, 'min_samples_split': 20}",0.7305389221556886,0.6706586826347305,0.6927710843373494,0.698,0.02474654145043357,251,0.8168168168168168,0.8288288288288288,0.8293413173652695,0.8249956543369716,0.005787094752453696
251,0.0,0.0,0.00521397590637207,0.007373675440677933,entropy,7,7,25,"{'criterion': 'entropy', 'max_depth': 7, 'min_samples_leaf': 7, 'min_samples_split': 25}",0.7305389221556886,0.718562874251497,0.6927710843373494,0.714,0.015745990725821838,169,0.8168168168168168,0.8228228228228228,0.8293413173652695,0.8229936523349698,0.0051145325976549765
252,0.0,0.0,0.0,0.0,entropy,7,10,10,"{'criterion': 'entropy', 'max_depth': 7, 'min_samples_leaf': 10, 'min_samples_split': 10}",0.7365269461077845,0.6467065868263473,0.7108433734939759,0.698,0.03780592072128785,251,0.8408408408408409,0.8258258258258259,0.8083832335329342,0.825016633399867,0.013263110804665235
253,0.0,0.0,0.0,0.0,entropy,7,10,15,"{'criterion': 'entropy', 'max_depth': 7, 'min_samples_leaf': 10, 'min_samples_split': 15}",0.7365269461077845,0.6467065868263473,0.7108433734939759,0.698,0.03780592072128785,251,0.8408408408408409,0.8258258258258259,0.8083832335329342,0.825016633399867,0.013263110804665235
254,0.0052076975504557295,0.007364796504591637,0.0,0.0,entropy,7,10,20,"{'criterion': 'entropy', 'max_depth': 7, 'min_samples_leaf': 10, 'min_samples_split': 20}",0.7365269461077845,0.6467065868263473,0.7108433734939759,0.698,0.03780592072128785,251,0.8408408408408409,0.8258258258258259,0.8083832335329342,0.825016633399867,0.013263110804665235
255,0.0,0.0,0.0,0.0,entropy,7,10,25,"{'criterion': 'entropy', 'max_depth': 7, 'min_samples_leaf': 10, 'min_samples_split': 25}",0.7365269461077845,0.7125748502994012,0.7108433734939759,0.72,0.011725154939307592,139,0.8408408408408409,0.8138138138138138,0.8083832335329342,0.8210126293958631,0.014194864737569356
256,0.005208174387613933,0.007365470854167811,0.0,0.0,entropy,8,1,10,"{'criterion': 'entropy', 'max_depth': 8, 'min_samples_leaf': 1, 'min_samples_split': 10}",0.7425149700598802,0.7065868263473054,0.7710843373493976,0.74,0.02637790655567941,27,0.8588588588588588,0.8828828828828829,0.8772455089820359,0.8729957502412592,0.010257802545471652
257,0.0,0.0,0.0,0.0,entropy,8,1,15,"{'criterion': 'entropy', 'max_depth': 8, 'min_samples_leaf': 1, 'min_samples_split': 15}",0.7425149700598802,0.7065868263473054,0.6987951807228916,0.716,0.019044304149146894,158,0.8438438438438438,0.8828828828828829,0.844311377245509,0.8570127013240785,0.018293976554858017
258,0.005208015441894531,0.007365246070975754,0.0,0.0,entropy,8,1,20,"{'criterion': 'entropy', 'max_depth': 8, 'min_samples_leaf': 1, 'min_samples_split': 20}",0.7724550898203593,0.7005988023952096,0.6987951807228916,0.724,0.034322221108817816,116,0.8228228228228228,0.8648648648648649,0.8413173652694611,0.8430016843190495,0.01720486409443201
259,0.0,0.0,0.0,0.0,entropy,8,1,25,"{'criterion': 'entropy', 'max_depth': 8, 'min_samples_leaf': 1, 'min_samples_split': 25}",0.7724550898203593,0.7305389221556886,0.6987951807228916,0.734,0.030156128852217766,52,0.8228228228228228,0.8588588588588588,0.8413173652694611,0.8409996823170475,0.014713365016005278
260,0.0,0.0,0.0,0.0,entropy,8,3,10,"{'criterion': 'entropy', 'max_depth': 8, 'min_samples_leaf': 3, 'min_samples_split': 10}",0.7305389221556886,0.6526946107784432,0.7530120481927711,0.712,0.042987605235479134,222,0.8438438438438438,0.8648648648648649,0.8712574850299402,0.8599887312462163,0.011710662949357905
261,0.0052022139231363935,0.007357041484465633,0.0,0.0,entropy,8,3,15,"{'criterion': 'entropy', 'max_depth': 8, 'min_samples_leaf': 3, 'min_samples_split': 15}",0.718562874251497,0.6407185628742516,0.6987951807228916,0.686,0.03306575574760002,281,0.8378378378378378,0.8588588588588588,0.8413173652694611,0.8460046873220525,0.009199604057062615
262,0.0,0.0,0.0,0.0,entropy,8,3,20,"{'criterion': 'entropy', 'max_depth': 8, 'min_samples_leaf': 3, 'min_samples_split': 20}",0.7544910179640718,0.6407185628742516,0.6987951807228916,0.698,0.046497213999838395,251,0.8168168168168168,0.8468468468468469,0.8413173652694611,0.8349936763110416,0.013049711553217151
263,0.006392240524291992,0.006423216536689427,0.0013378461201985676,0.0018920001275530404,entropy,8,3,25,"{'criterion': 'entropy', 'max_depth': 8, 'min_samples_leaf': 3, 'min_samples_split': 25}",0.7544910179640718,0.7065868263473054,0.6987951807228916,0.72,0.0246314732125592,139,0.8168168168168168,0.8378378378378378,0.8413173652694611,0.8319906733080386,0.010823160918419323
264,0.001327196756998698,0.0018769396536851475,0.0,0.0,entropy,8,7,10,"{'criterion': 'entropy', 'max_depth': 8, 'min_samples_leaf': 7, 'min_samples_split': 10}",0.718562874251497,0.6407185628742516,0.6987951807228916,0.686,0.03306575574760002,281,0.8528528528528528,0.8498498498498499,0.844311377245509,0.8490046933160705,0.0035378824705045407
265,0.0026650428771972656,0.0018844701419869338,0.0,0.0,entropy,8,7,15,"{'criterion': 'entropy', 'max_depth': 8, 'min_samples_leaf': 7, 'min_samples_split': 15}",0.718562874251497,0.6287425149700598,0.6867469879518072,0.678,0.03722003784366568,287,0.8528528528528528,0.8498498498498499,0.8323353293413174,0.8450126773480067,0.009047683722774709
266,0.0013332366943359375,0.0018854814149833555,0.0,0.0,entropy,8,7,20,"{'criterion': 'entropy', 'max_depth': 8, 'min_samples_leaf': 7, 'min_samples_split': 20}",0.7485029940119761,0.6766467065868264,0.6867469879518072,0.704,0.031783918018847446,238,0.8348348348348348,0.8438438438438438,0.8323353293413174,0.8370046693399987,0.004942510350592105
267,0.0,0.0,0.0,0.0,entropy,8,7,25,"{'criterion': 'entropy', 'max_depth': 8, 'min_samples_leaf': 7, 'min_samples_split': 25}",0.7485029940119761,0.718562874251497,0.6867469879518072,0.718,0.025202213719539443,151,0.8348348348348348,0.8228228228228228,0.8323353293413174,0.8299976623329917,0.0051749797697215405
268,0.0013391176859537761,0.001893798393089505,0.0,0.0,entropy,8,10,10,"{'criterion': 'entropy', 'max_depth': 8, 'min_samples_leaf': 10, 'min_samples_split': 10}",0.718562874251497,0.6467065868263473,0.7108433734939759,0.692,0.03222962487260149,271,0.8408408408408409,0.8318318318318318,0.8083832335329342,0.827018635401869,0.01368086773426367
269,0.0,0.0,0.0,0.0,entropy,8,10,15,"{'criterion': 'entropy', 'max_depth': 8, 'min_samples_leaf': 10, 'min_samples_split': 15}",0.718562874251497,0.6467065868263473,0.7108433734939759,0.692,0.03222962487260149,271,0.8408408408408409,0.8318318318318318,0.8083832335329342,0.827018635401869,0.01368086773426367
270,0.0,0.0,0.0013393561045328777,0.0018941355678775923,entropy,8,10,20,"{'criterion': 'entropy', 'max_depth': 8, 'min_samples_leaf': 10, 'min_samples_split': 20}",0.718562874251497,0.6467065868263473,0.7108433734939759,0.692,0.03222962487260149,271,0.8408408408408409,0.8318318318318318,0.8083832335329342,0.827018635401869,0.01368086773426367
271,0.0026597976684570312,0.0018807762912668414,0.0,0.0,entropy,8,10,25,"{'criterion': 'entropy', 'max_depth': 8, 'min_samples_leaf': 10, 'min_samples_split': 25}",0.7365269461077845,0.7125748502994012,0.7108433734939759,0.72,0.011725154939307592,139,0.8408408408408409,0.8138138138138138,0.8083832335329342,0.8210126293958631,0.014194864737569356
272,0.0013328393300374348,0.0018849194570032103,0.0,0.0,entropy,9,1,10,"{'criterion': 'entropy', 'max_depth': 9, 'min_samples_leaf': 1, 'min_samples_split': 10}",0.7125748502994012,0.688622754491018,0.7650602409638554,0.722,0.031895910537416756,132,0.8738738738738738,0.9009009009009009,0.9011976047904192,0.891990793188398,0.01281116914743401
273,0.0013394355773925781,0.0018942479594736214,0.0,0.0,entropy,9,1,15,"{'criterion': 'entropy', 'max_depth': 9, 'min_samples_leaf': 1, 'min_samples_split': 15}",0.7125748502994012,0.688622754491018,0.6987951807228916,0.7,0.009824959638719124,249,0.8588588588588588,0.9009009009009009,0.8592814371257484,0.8730137322951693,0.019719960661409124
274,0.001332680384318034,0.001884694673811152,0.0,0.0,entropy,9,1,20,"{'criterion': 'entropy', 'max_depth': 9, 'min_samples_leaf': 1, 'min_samples_split': 20}",0.7425149700598802,0.7005988023952096,0.6987951807228916,0.714,0.020206787548746687,169,0.8378378378378378,0.8678678678678678,0.844311377245509,0.8500056943170716,0.012903994500018019
275,0.002666632334391276,0.001885647355453808,0.0,0.0,entropy,9,1,25,"{'criterion': 'entropy', 'max_depth': 9, 'min_samples_leaf': 1, 'min_samples_split': 25}",0.7425149700598802,0.7305389221556886,0.6987951807228916,0.724,0.0184307218672836,116,0.8378378378378378,0.8618618618618619,0.844311377245509,0.8480036923150696,0.010149329222708897
276,0.0013267199198404949,0.001876265304108973,0.0,0.0,entropy,9,3,10,"{'criterion': 'entropy', 'max_depth': 9, 'min_samples_leaf': 3, 'min_samples_split': 10}",0.7005988023952096,0.6826347305389222,0.7469879518072289,0.71,0.027089672784034558,226,0.8618618618618619,0.8768768768768769,0.8922155688622755,0.876984769200338,0.012392083836918796
277,0.0013391176859537761,0.001893798393089505,0.0,0.0,entropy,9,3,15,"{'criterion': 'entropy', 'max_depth': 9, 'min_samples_leaf': 3, 'min_samples_split': 15}",0.688622754491018,0.6706586826347305,0.6987951807228916,0.686,0.0116301492176419,281,0.8528528528528528,0.8708708708708709,0.8532934131736527,0.8590057122991256,0.008391861704396056
278,0.0026655991872151694,0.0018848633240340438,0.0,0.0,entropy,9,3,20,"{'criterion': 'entropy', 'max_depth': 9, 'min_samples_leaf': 3, 'min_samples_split': 20}",0.7245508982035929,0.6407185628742516,0.6987951807228916,0.688,0.03509375653973402,278,0.8318318318318318,0.8468468468468469,0.8413173652694611,0.8399986813160466,0.006200369048265123
279,0.0026726722717285156,0.001889881540879737,0.0,0.0,entropy,9,3,25,"{'criterion': 'entropy', 'max_depth': 9, 'min_samples_leaf': 3, 'min_samples_split': 25}",0.7245508982035929,0.7065868263473054,0.6987951807228916,0.71,0.010783798539678703,226,0.8318318318318318,0.8378378378378378,0.8413173652694611,0.8369956783130436,0.00391797231979306
280,0.0,0.0,0.0,0.0,entropy,9,7,10,"{'criterion': 'entropy', 'max_depth': 9, 'min_samples_leaf': 7, 'min_samples_split': 10}",0.688622754491018,0.6586826347305389,0.6987951807228916,0.682,0.0170263061573419,285,0.8618618618618619,0.8498498498498499,0.8592814371257484,0.8569977162791534,0.0051629219003105535
281,0.0013271172841389973,0.0018768272620891186,0.0,0.0,entropy,9,7,15,"{'criterion': 'entropy', 'max_depth': 9, 'min_samples_leaf': 7, 'min_samples_split': 15}",0.688622754491018,0.6287425149700598,0.6867469879518072,0.668,0.027811417253688377,288,0.8618618618618619,0.8498498498498499,0.844311377245509,0.8520076963190736,0.007325621866925505
282,0.001332998275756836,0.0018851442401952682,0.0,0.0,entropy,9,7,20,"{'criterion': 'entropy', 'max_depth': 9, 'min_samples_leaf': 7, 'min_samples_split': 20}",0.7485029940119761,0.6766467065868264,0.6867469879518072,0.704,0.031783918018847446,238,0.8348348348348348,0.8438438438438438,0.8323353293413174,0.8370046693399987,0.004942510350592105
283,0.0,0.0,0.001332998275756836,0.0018851442401952682,entropy,9,7,25,"{'criterion': 'entropy', 'max_depth': 9, 'min_samples_leaf': 7, 'min_samples_split': 25}",0.7485029940119761,0.718562874251497,0.6867469879518072,0.718,0.025202213719539443,151,0.8348348348348348,0.8228228228228228,0.8323353293413174,0.8299976623329917,0.0051749797697215405
284,0.0,0.0,0.0,0.0,entropy,9,10,10,"{'criterion': 'entropy', 'max_depth': 9, 'min_samples_leaf': 10, 'min_samples_split': 10}",0.718562874251497,0.6467065868263473,0.7108433734939759,0.692,0.03222962487260149,271,0.8408408408408409,0.8318318318318318,0.8083832335329342,0.827018635401869,0.01368086773426367
285,0.0,0.0,0.0,0.0,entropy,9,10,15,"{'criterion': 'entropy', 'max_depth': 9, 'min_samples_leaf': 10, 'min_samples_split': 15}",0.718562874251497,0.6467065868263473,0.7108433734939759,0.692,0.03222962487260149,271,0.8408408408408409,0.8318318318318318,0.8083832335329342,0.827018635401869,0.01368086773426367
286,0.0026662349700927734,0.0018853686079906215,0.0,0.0,entropy,9,10,20,"{'criterion': 'entropy', 'max_depth': 9, 'min_samples_leaf': 10, 'min_samples_split': 20}",0.718562874251497,0.6467065868263473,0.7108433734939759,0.692,0.03222962487260149,271,0.8408408408408409,0.8318318318318318,0.8083832335329342,0.827018635401869,0.01368086773426367
287,0.0,0.0,0.0,0.0,entropy,9,10,25,"{'criterion': 'entropy', 'max_depth': 9, 'min_samples_leaf': 10, 'min_samples_split': 25}",0.7365269461077845,0.7125748502994012,0.7108433734939759,0.72,0.011725154939307592,139,0.8408408408408409,0.8138138138138138,0.8083832335329342,0.8210126293958631,0.014194864737569356
